ensembl_id,orthId,glength,species
XP_009078534,1CPN2,66213,Acanthisitta_chloris
XP_005013863,1CPN2,44913,Anas_platyrhynchos
XP_013048300,1CPN2,157799,Anser_cygnoides
XP_009872504,1CPN2,67073,Apaloderma_vittatum
XP_009281355,1CPN2,95046,Aptenodytes_forsteri
XP_013810690,1CPN2,83890,Apteryx_australis
XP_011586649,1CPN2,88931,Aquila_chrysaetos
XP_010305898,1CPN2,4238,Balearica_regulorum
XP_010131711,1CPN2,4842,Buceros_rhinoceros
XP_014793515,1CPN2,173713,Calidris_pugnax
XP_008494910,1CPN2,74387,Calypte_anna
XP_010164162,1CPN2,5027,Caprimulgus_carolinensis
XP_009708859,1CPN2,66520,Cariama_cristata
XP_009998734,1CPN2,102881,Chaetura_pelagica
XP_009889661,1CPN2,190050,Charadrius_vociferus
XP_010113888,1CPN2,66937,Chlamydotis_macqueenii
XP_010196634,1CPN2,4265,Colius_striatus
XP_005511557,1CPN2,72517,Columba_livia
XP_008633503,1CPN2,157660,Corvus_brachyrhynchos
XP_010409553,1CPN2,27942,Corvus_cornix
XP_015737590,1CPN2,76678,Coturnix_japonica
XP_009565403,1CPN2,91108,Cuculus_canorus
XP_009639203,1CPN2,69244,Egretta_garzetta
XP_010145279,1CPN2,38257,Eurypyga_helias
XP_014134908,1CPN2,171604,Falco_cherrug
XP_013154461,1CPN2,171302,Falco_peregrinus
XP_016153529,1CPN2,203617,Ficedula_albicollis
XP_009579695,1CPN2,4242,Fulmarus_glacialis
XP_015154785,1CPN2,147627,Gallus_gallus
XP_009807213,1CPN2,4112,Gavia_stellata
XP_005430739,1CPN2,79105,Geospiza_fortis
XP_009920287,1CPN2,4230,Haliaeetus_albicilla
XP_010578660,1CPN2,88182,Haliaeetus_leucocephalus
XP_017688612,1CPN2,187292,Lepidothrix_coronata
XP_009945848,1CPN2,4239,Leptosomus_discolor
XP_010721672,1CPN2,5921,Meleagris_gallopavo
XP_005151723,1CPN2,71367,Melopsittacus_undulatus
XP_008943147,1CPN2,4365,Merops_nubicus
XP_010190802,1CPN2,31630,Mesitornis_unicolor
XP_010019499,1CPN2,4388,Nestor_notabilis
XP_009471837,1CPN2,89361,Nipponia_nippon
XP_009931016,1CPN2,67824,Opisthocomus_hoazin
XP_015494536,1CPN2,126389,Parus_major
XP_009487000,1CPN2,4568,Pelecanus_crispus
XP_010280054,1CPN2,4466,Phaethon_lepturus
XP_009507703,1CPN2,65704,Phalacrocorax_carbo
XP_009904034,1CPN2,73839,Picoides_pubescens
XP_005526626,1CPN2,160601,Pseudopodoces_humilis
XP_010078254,1CPN2,68827,Pterocles_gutturalis
XP_009326301,1CPN2,183361,Pygoscelis_adeliae
XP_018768912,1CPN2,46699,Serinus_canaria
XP_009665877,1CPN2,68183,Struthio_camelus
XP_014748105,1CPN2,104007,Sturnus_vulgaris
XP_004186139,1CPN2,48665,Taeniopygia_guttata
XP_009986778,1CPN2,4250,Tauraco_erythrolophus
XP_010218940,1CPN2,68687,Tinamus_guttatus
XP_009972356,1CPN2,6731,Tyto_alba
XP_007238335,1CPN2,31946,Astyanax_mexicanus
XP_013887164,1CPN2,35820,Austrofundulus_limnaeus
XP_012670941,1CPN2,18063,Clupea_harengus
XP_016894325,1CPN2,26634,Cynoglossus_semilaevis
XP_015251176,1CPN2,23210,Cyprinodon_variegatus
NP_571678,1CPN2,12461,Danio_rerio
XP_010884490,1CPN2,34159,Esox_lucius
XP_012705029,1CPN2,19207,Fundulus_heteroclitus
XP_005951886,1CPN2,39627,Haplochromis_burtoni
XP_017313649,1CPN2,39296,Ictalurus_punctatus
XP_017294245,1CPN2,22154,Kryptolebias_marmoratus
XP_010751073,1CPN2,22280,Larimichthys_crocea
XP_018560000,1CPN2,47566,Lates_calcarifer
XP_015217307,1CPN2,67539,Lepisosteus_oculatus
XP_004564191,1CPN2,27206,Maylandia_zebra
XP_006802709,1CPN2,110726,Neolamprologus_brichardi
XP_015813302,1CPN2,20157,Nothobranchius_furzeri
XP_010788540,1CPN2,12183,Notothenia_coriiceps
XP_003460130,1CPN2,30670,Oreochromis_niloticus
XP_004086077,1CPN2,20712,Oryzias_latipes
XP_007542083,1CPN2,28054,Poecilia_formosa
XP_014912433,1CPN2,29584,Poecilia_latipinna
XP_014829766,1CPN2,3069,Poecilia_mexicana
XP_017163531,1CPN2,20497,Poecilia_reticulata
XP_005754575,1CPN2,26695,Pundamilia_nyererei
XP_017557405,1CPN2,62753,Pygocentrus_nattereri
XP_014042221,1CPN2,6240,Salmo_salar
XP_018614309,1CPN2,44757,Scleropages_formosus
XP_016355532,1CPN2,19611,Sinocyclocheilus_anshuiensis
XP_016113751,1CPN2,26536,Sinocyclocheilus_grahami
XP_016369237,1CPN2,24159,Sinocyclocheilus_rhinocerous
XP_008288251,1CPN2,29725,Stegastes_partitus
NP_001092120,1CPN2,25090,Takifugu_rubripes
XP_005807448,1CPN2,13570,Xiphophorus_maculatus
XP_014918081,1CPN2,78716,Acinonyx_jubatus
XP_011220408,1CPN2,235072,Ailuropoda_melanoleuca
XP_012301238,1CPN2,249257,Aotus_nancymaae
XP_007183802,1CPN2,89073,Balaenoptera_acutorostrata
XP_010833283,1CPN2,271965,Bison_bison
XP_005905776,1CPN2,271860,Bos_mutus
NP_001243507,1CPN2,269890,Bos_taurus
XP_006072047,1CPN2,271513,Bubalus_bubalis
XP_008984885,1CPN2,257735,Callithrix_jacchus
XP_010954828,1CPN2,83787,Camelus_bactrianus
XP_010979352,1CPN2,83975,Camelus_dromedarius
XP_006187572,1CPN2,78545,Camelus_ferus
XP_005638948,1CPN2,248947,Canis_lupus
XP_017908092,1CPN2,99244,Capra_hircus
XP_008072258,1CPN2,105538,Carlito_syrichta
XP_005000148,1CPN2,227106,Cavia_porcellus
XP_017381692,1CPN2,253796,Cebus_capucinus
XP_014642313,1CPN2,88628,Ceratotherium_simum
XP_011892564,1CPN2,256326,Cercocebus_atys
XP_005375765,1CPN2,233329,Chinchilla_lanigera
XP_007965627,1CPN2,258535,Chlorocebus_sabaeus
XP_006862621,1CPN2,353701,Chrysochloris_asiatica
XP_011805417,1CPN2,257320,Colobus_angolensis
XP_012586311,1CPN2,86249,Condylura_cristata
XP_007643998,1CPN2,89972,Cricetulus_griseus
XP_012373465,1CPN2,95274,Dasypus_novemcinctus
XP_012882983,1CPN2,221963,Dipodomys_ordii
XP_004697003,1CPN2,302664,Echinops_telfairi
XP_006886795,1CPN2,370084,Elephantulus_edwardii
XP_008144017,1CPN2,108205,Eptesicus_fuscus
XP_014699195,1CPN2,240821,Equus_asinus
XP_014591840,1CPN2,234204,Equus_caballus
XP_008515547,1CPN2,90005,Equus_przewalskii
XP_007519785,1CPN2,129820,Erinaceus_europaeus
XP_011284130,1CPN2,90485,Felis_catus
XP_010609600,1CPN2,227907,Fukomys_damarensis
XP_008566543,1CPN2,254564,Galeopterus_variegatus
XP_004062797,1CPN2,263387,Gorilla_gorilla
XP_012926768,1CPN2,232336,Heterocephalus_glaber
NP_001745,1CPN2,256765,Homo_sapiens
XP_005323557,1CPN2,220837,Ictidomys_tridecemlineatus
XP_004654523,1CPN2,261754,Jaculus_jaculus
XP_006737630,1CPN2,256511,Leptonychotes_weddellii
XP_007446544,1CPN2,243933,Lipotes_vexillifer
XP_010588725,1CPN2,107006,Loxodonta_africana
XP_005548791,1CPN2,259365,Macaca_fascicularis
NP_001252891,1CPN2,257898,Macaca_mulatta
XP_011724438,1CPN2,258530,Macaca_nemestrina
XP_017941205,1CPN2,267130,Manacus_vitellinus
XP_011854531,1CPN2,275385,Mandrillus_leucophaeus
XP_017497467,1CPN2,228492,Manis_javanica
XP_015334219,1CPN2,84835,Marmota_marmota
XP_012971602,1CPN2,250831,Mesocricetus_auratus
XP_012638387,1CPN2,245336,Microcebus_murinus
XP_005345236,1CPN2,221342,Microtus_ochrogaster
XP_016063705,1CPN2,75705,Miniopterus_natalensis
XP_007493291,1CPN2,334113,Monodelphis_domestica
NP_001104491,1CPN2,219992,Mus_musculus
XP_004757596,1CPN2,243225,Mustela_putorius
XP_014390689,1CPN2,100194,Myotis_brandtii
XP_006753160,1CPN2,72860,Myotis_davidii
XP_014303816,1CPN2,11356,Myotis_lucifugus
XP_008834144,1CPN2,249417,Nannospalax_galili
XP_012357352,1CPN2,261447,Nomascus_leucogenys
XP_004594176,1CPN2,234817,Ochotona_princeps
XP_004634405,1CPN2,270360,Octodon_degus
XP_004409676,1CPN2,242688,Odobenus_rosmarus
XP_004264589,1CPN2,242900,Orcinus_orca
XP_001513219,1CPN2,58402,Ornithorhynchus_anatinus
XP_007939448,1CPN2,330881,Orycteropus_afer
XP_017206315,1CPN2,247188,Oryctolagus_cuniculus
XP_003797094,1CPN2,236107,Otolemur_garnettii
XP_014948182,1CPN2,271371,Ovis_aries
XP_003824012,1CPN2,257589,Pan_paniscus
XP_003949211,1CPN2,259313,Pan_troglodytes
XP_015396719,1CPN2,56053,Panthera_tigris
XP_005983519,1CPN2,273013,Pantholops_hodgsonii
XP_003895569,1CPN2,257574,Papio_anubis
XP_006981440,1CPN2,88338,Peromyscus_maniculatus
XP_007128044,1CPN2,238230,Physeter_catodon
XP_009232197,1CPN2,96746,Pongo_abelii
XP_012517273,1CPN2,230356,Propithecus_coquereli
XP_015451927,1CPN2,227762,Pteropus_alecto
XP_011363954,1CPN2,241940,Pteropus_vampyrus
XP_017453542,1CPN2,233175,Rattus_norvegicus
XP_017739432,1CPN2,272513,Rhinopithecus_bieti
XP_010357174,1CPN2,259652,Rhinopithecus_roxellana
XP_016019564,1CPN2,229796,Rousettus_aegyptiacus
XP_003927795,1CPN2,246803,Saimiri_boliviensis
XP_003763460,1CPN2,333345,Sarcophilus_harrisii
XP_004615387,1CPN2,276287,Sorex_araneus
NP_001233181,1CPN2,98820,Sus_scrofa
XP_004387039,1CPN2,301565,Trichechus_manatus
XP_014445427,1CPN2,291166,Tupaia_chinensis
XP_004310750,1CPN2,254650,Tursiops_truncatus
XP_008700175,1CPN2,75336,Ursus_maritimus
XP_015095273,1CPN2,81120,Vicugna_pacos
XP_006278486,1CPN2,224198,Alligator_mississippiensis
XP_006025767,1CPN2,226561,Alligator_sinensis
XP_008105746,1CPN2,231853,Anolis_carolinensis
XP_007904155,1CPN2,112633,Callorhinchus_milii
XP_007054679,1CPN2,90446,Chelonia_mydas
XP_008163446,1CPN2,200637,Chrysemys_picta
XP_015275172,1CPN2,119406,Gekko_japonicus
XP_014342057,1CPN2,129521,Latimeria_chalumnae
XP_018416984,1CPN2,101868,Nanorana_parkeri
XP_006126068,1CPN2,232601,Pelodiscus_sinensis
XP_015676011,1CPN2,45692,Protobothrops_mucrosquamatus
XP_007420243,1CPN2,92092,Python_bivittatus
XP_013922795,1CPN2,94684,Thamnophis_sirtalis
XP_018104389,1CPN2,66226,Xenopus_laevis
XP_012813452,1CPN2,69837,Xenopus_tropicalis
XP_009076045,1CQBX,30665,Acanthisitta_chloris
XP_012956169,1CQBX,39686,Anas_platyrhynchos
XP_013037584,1CQBX,15898,Anser_cygnoides
XP_009877594,1CQBX,32569,Apaloderma_vittatum
XP_009279092,1CQBX,46748,Aptenodytes_forsteri
XP_013796185,1CQBX,51589,Apteryx_australis
XP_011571374,1CQBX,46656,Aquila_chrysaetos
XP_010299356,1CQBX,33563,Balearica_regulorum
XP_010130724,1CQBX,32758,Buceros_rhinoceros
XP_014813003,1CQBX,43533,Calidris_pugnax
XP_008490865,1CQBX,22896,Calypte_anna
XP_010162202,1CQBX,36725,Caprimulgus_carolinensis
XP_009701474,1CQBX,33341,Cariama_cristata
XP_009996338,1CQBX,33104,Chaetura_pelagica
XP_009879912,1CQBX,34513,Charadrius_vociferus
XP_010120316,1CQBX,31589,Chlamydotis_macqueenii
XP_010196554,1CQBX,24804,Colius_striatus
XP_013223651,1CQBX,43039,Columba_livia
XP_017584541,1CQBX,33066,Corvus_brachyrhynchos
XP_010393049,1CQBX,33066,Corvus_cornix
XP_015720738,1CQBX,38203,Coturnix_japonica
XP_009557468,1CQBX,43219,Cuculus_canorus
XP_009638810,1CQBX,33589,Egretta_garzetta
XP_010153515,1CQBX,24565,Eurypyga_helias
XP_005438955,1CQBX,33841,Falco_cherrug
XP_005230655,1CQBX,42364,Falco_peregrinus
XP_016154211,1CQBX,43635,Ficedula_albicollis
XP_009581205,1CQBX,15491,Fulmarus_glacialis
XP_015142772,1CQBX,38959,Gallus_gallus
XP_009809524,1CQBX,15935,Gavia_stellata
XP_005418055,1CQBX,41577,Geospiza_fortis
XP_009925922,1CQBX,17248,Haliaeetus_albicilla
XP_010582214,1CQBX,40721,Haliaeetus_leucocephalus
XP_017685290,1CQBX,42328,Lepidothrix_coronata
XP_009948092,1CQBX,33799,Leptosomus_discolor
XP_010710175,1CQBX,29127,Meleagris_gallopavo
XP_005149590,1CQBX,41584,Melopsittacus_undulatus
XP_008943006,1CQBX,32460,Merops_nubicus
XP_010177463,1CQBX,28642,Mesitornis_unicolor
XP_010021822,1CQBX,30043,Nestor_notabilis
XP_009465764,1CQBX,43482,Nipponia_nippon
XP_009935187,1CQBX,32946,Opisthocomus_hoazin
XP_015486170,1CQBX,41307,Parus_major
XP_009492104,1CQBX,34954,Pelecanus_crispus
XP_010293067,1CQBX,34511,Phaethon_lepturus
XP_009499749,1CQBX,33855,Phalacrocorax_carbo
XP_009906175,1CQBX,41586,Picoides_pubescens
XP_005520206,1CQBX,41565,Pseudopodoces_humilis
XP_010077891,1CQBX,34090,Pterocles_gutturalis
XP_009320817,1CQBX,45842,Pygoscelis_adeliae
XP_018762797,1CQBX,40968,Serinus_canaria
XP_009673755,1CQBX,44494,Struthio_camelus
XP_014739969,1CQBX,41550,Sturnus_vulgaris
XP_012429633,1CQBX,33842,Taeniopygia_guttata
XP_009986356,1CQBX,34389,Tauraco_erythrolophus
XP_010213191,1CQBX,36979,Tinamus_guttatus
XP_009962816,1CQBX,15957,Tyto_alba
XP_014119974,1CQBX,33399,Zonotrichia_albicollis
XP_007252301,1CQBX,8698,Astyanax_mexicanus
XP_013887934,1CQBX,28115,Austrofundulus_limnaeus
XP_012675365,1CQBX,11475,Clupea_harengus
XP_008319547,1CQBX,5280,Cynoglossus_semilaevis
XP_015225478,1CQBX,14235,Cyprinodon_variegatus
NP_956915,1CQBX,16399,Danio_rerio
XP_010866161,1CQBX,14952,Esox_lucius
XP_012730454,1CQBX,13561,Fundulus_heteroclitus
XP_005949300,1CQBX,15971,Haplochromis_burtoni
XP_017319996,1CQBX,11872,Ictalurus_punctatus
XP_017293456,1CQBX,15360,Kryptolebias_marmoratus
XP_010737943,1CQBX,12415,Larimichthys_crocea
XP_018550142,1CQBX,12513,Lates_calcarifer
XP_015218738,1CQBX,11106,Lepisosteus_oculatus
XP_014269871,1CQBX,16035,Maylandia_zebra
XP_006808142,1CQBX,16322,Neolamprologus_brichardi
XP_015799580,1CQBX,29245,Nothobranchius_furzeri
XP_010773136,1CQBX,15192,Notothenia_coriiceps
XP_005457118,1CQBX,15835,Oreochromis_niloticus
XP_011482393,1CQBX,21217,Oryzias_latipes
XP_016518657,1CQBX,18949,Poecilia_formosa
XP_014895424,1CQBX,18749,Poecilia_latipinna
XP_014863234,1CQBX,18450,Poecilia_mexicana
XP_008428601,1CQBX,21265,Poecilia_reticulata
XP_005735192,1CQBX,15747,Pundamilia_nyererei
XP_017551993,1CQBX,8162,Pygocentrus_nattereri
XP_014071944,1CQBX,16689,Salmo_salar
XP_018606665,1CQBX,10180,Scleropages_formosus
XP_016313258,1CQBX,23921,Sinocyclocheilus_anshuiensis
XP_016098607,1CQBX,9338,Sinocyclocheilus_grahami
XP_016392131,1CQBX,15106,Sinocyclocheilus_rhinocerous
XP_008274738,1CQBX,16501,Stegastes_partitus
XP_003963692,1CQBX,9236,Takifugu_rubripes
XP_005795214,1CQBX,19052,Xiphophorus_maculatus
XP_014924603,1CQBX,45763,Acinonyx_jubatus
XP_011233006,1CQBX,28137,Ailuropoda_melanoleuca
XP_012326690,1CQBX,63936,Aotus_nancymaae
XP_007189753,1CQBX,31895,Balaenoptera_acutorostrata
XP_010861254,1CQBX,29714,Bison_bison
XP_005889095,1CQBX,29317,Bos_mutus
XP_005212693,1CQBX,29748,Bos_taurus
XP_006073940,1CQBX,29707,Bubalus_bubalis
XP_002757774,1CQBX,42232,Callithrix_jacchus
XP_010950190,1CQBX,28175,Camelus_bactrianus
XP_010988060,1CQBX,28222,Camelus_dromedarius
XP_006191388,1CQBX,28384,Camelus_ferus
XP_852387,1CQBX,27701,Canis_lupus
XP_005686689,1CQBX,28177,Capra_hircus
XP_008059624,1CQBX,30310,Carlito_syrichta
XP_003467562,1CQBX,30063,Cavia_porcellus
XP_017400472,1CQBX,41868,Cebus_capucinus
XP_004435714,1CQBX,28329,Ceratotherium_simum
XP_011939284,1CQBX,62433,Cercocebus_atys
XP_005385811,1CQBX,26877,Chinchilla_lanigera
XP_007985966,1CQBX,61460,Chlorocebus_sabaeus
XP_006868090,1CQBX,45929,Chrysochloris_asiatica
XP_011797209,1CQBX,45469,Colobus_angolensis
XP_004691480,1CQBX,28891,Condylura_cristata
XP_003503321,1CQBX,40971,Cricetulus_griseus
XP_004470534,1CQBX,26931,Dasypus_novemcinctus
XP_012877976,1CQBX,35483,Dipodomys_ordii
XP_004698864,1CQBX,52696,Echinops_telfairi
XP_006879120,1CQBX,46317,Elephantulus_edwardii
XP_008160322,1CQBX,32653,Eptesicus_fuscus
XP_014694801,1CQBX,36444,Equus_asinus
XP_014586641,1CQBX,36704,Equus_caballus
XP_008524238,1CQBX,34006,Equus_przewalskii
XP_007539703,1CQBX,39942,Erinaceus_europaeus
XP_011279311,1CQBX,29452,Felis_catus
XP_010608102,1CQBX,24539,Fukomys_damarensis
XP_008568248,1CQBX,43655,Galeopterus_variegatus
XP_004029330,1CQBX,40609,Gorilla_gorilla
XP_004867300,1CQBX,27581,Heterocephalus_glaber
NP_075045,1CQBX,40682,Homo_sapiens
XP_005322094,1CQBX,33219,Ictidomys_tridecemlineatus
XP_004665580,1CQBX,39053,Jaculus_jaculus
XP_006733262,1CQBX,47785,Leptonychotes_weddellii
XP_007464206,1CQBX,31008,Lipotes_vexillifer
XP_003408916,1CQBX,64787,Loxodonta_africana
XP_005562226,1CQBX,63266,Macaca_fascicularis
XP_001115228,1CQBX,41269,Macaca_mulatta
XP_011715355,1CQBX,62437,Macaca_nemestrina
XP_017937887,1CQBX,72083,Manacus_vitellinus
XP_011853173,1CQBX,41212,Mandrillus_leucophaeus
XP_017522152,1CQBX,31555,Manis_javanica
XP_015335129,1CQBX,34094,Marmota_marmota
XP_005070484,1CQBX,28280,Mesocricetus_auratus
XP_012620282,1CQBX,32994,Microcebus_murinus
XP_005367796,1CQBX,28266,Microtus_ochrogaster
XP_016069526,1CQBX,28185,Miniopterus_natalensis
XP_001375249,1CQBX,73952,Monodelphis_domestica
NP_766143,1CQBX,31081,Mus_musculus
XP_004742067,1CQBX,28375,Mustela_putorius
XP_005884643,1CQBX,38206,Myotis_brandtii
XP_006778635,1CQBX,40780,Myotis_davidii
XP_006083367,1CQBX,38618,Myotis_lucifugus
XP_008842697,1CQBX,32520,Nannospalax_galili
XP_012353599,1CQBX,63407,Nomascus_leucogenys
XP_004580174,1CQBX,35664,Ochotona_princeps
XP_004636234,1CQBX,32530,Octodon_degus
XP_004397770,1CQBX,28228,Odobenus_rosmarus
XP_004280708,1CQBX,31323,Orcinus_orca
XP_007667597,1CQBX,38400,Ornithorhynchus_anatinus
XP_007936213,1CQBX,41379,Orycteropus_afer
XP_002709901,1CQBX,38920,Oryctolagus_cuniculus
XP_003787987,1CQBX,39494,Otolemur_garnettii
XP_012026254,1CQBX,28260,Ovis_aries
XP_003830910,1CQBX,40160,Pan_paniscus
XP_515496,1CQBX,40702,Pan_troglodytes
XP_007075435,1CQBX,27491,Panthera_tigris
XP_005954999,1CQBX,27902,Pantholops_hodgsonii
XP_009210487,1CQBX,65438,Papio_anubis
XP_006974850,1CQBX,30935,Peromyscus_maniculatus
XP_007125506,1CQBX,32650,Physeter_catodon
XP_002812053,1CQBX,40245,Pongo_abelii
XP_012505532,1CQBX,64027,Propithecus_coquereli
XP_015443106,1CQBX,27983,Pteropus_alecto
XP_011362224,1CQBX,28137,Pteropus_vampyrus
NP_001100714,1CQBX,32508,Rattus_norvegicus
XP_017704589,1CQBX,40115,Rhinopithecus_bieti
XP_010351981,1CQBX,62691,Rhinopithecus_roxellana
XP_015985117,1CQBX,27972,Rousettus_aegyptiacus
XP_003922768,1CQBX,42839,Saimiri_boliviensis
XP_003756616,1CQBX,63878,Sarcophilus_harrisii
XP_004609258,1CQBX,35590,Sorex_araneus
XP_003125156,1CQBX,33868,Sus_scrofa
XP_004376790,1CQBX,64554,Trichechus_manatus
XP_006152288,1CQBX,34067,Tupaia_chinensis
XP_004318709,1CQBX,31398,Tursiops_truncatus
XP_008698113,1CQBX,25755,Ursus_maritimus
XP_006201542,1CQBX,29539,Vicugna_pacos
XP_006275894,1CQBX,68621,Alligator_mississippiensis
XP_014374744,1CQBX,56788,Alligator_sinensis
XP_008107219,1CQBX,47588,Anolis_carolinensis
XP_007890566,1CQBX,19964,Callorhinchus_milii
XP_007065028,1CQBX,74718,Chelonia_mydas
XP_005307072,1CQBX,80244,Chrysemys_picta
XP_015280976,1CQBX,32992,Gekko_japonicus
XP_014340686,1CQBX,62291,Latimeria_chalumnae
XP_018427650,1CQBX,38543,Nanorana_parkeri
XP_006133775,1CQBX,96009,Pelodiscus_sinensis
XP_015687536,1CQBX,51595,Protobothrops_mucrosquamatus
XP_007432568,1CQBX,52163,Python_bivittatus
XP_013911050,1CQBX,39853,Thamnophis_sirtalis
XP_018084259,1CQBX,36214,Xenopus_laevis
NP_001136382,1CQBX,28785,Xenopus_tropicalis
XP_009069035,1CQJ6,8320,Acanthisitta_chloris
XP_012953532,1CQJ6,9779,Anas_platyrhynchos
XP_013028887,1CQJ6,14279,Anser_cygnoides
XP_009866482,1CQJ6,7695,Apaloderma_vittatum
XP_009272600,1CQJ6,9854,Aptenodytes_forsteri
XP_013804655,1CQJ6,14541,Apteryx_australis
XP_011588005,1CQJ6,8648,Aquila_chrysaetos
XP_010308764,1CQJ6,3258,Balearica_regulorum
XP_010130975,1CQJ6,7736,Buceros_rhinoceros
XP_014819992,1CQJ6,14324,Calidris_pugnax
XP_008500987,1CQJ6,7298,Calypte_anna
XP_010171752,1CQJ6,8460,Caprimulgus_carolinensis
XP_009693274,1CQJ6,8515,Cariama_cristata
XP_009995935,1CQJ6,7800,Chaetura_pelagica
XP_009886400,1CQJ6,7804,Charadrius_vociferus
XP_010199759,1CQJ6,8048,Colius_striatus
XP_013227506,1CQJ6,14850,Columba_livia
XP_008632228,1CQJ6,7818,Corvus_brachyrhynchos
XP_010396731,1CQJ6,7615,Corvus_cornix
XP_015733496,1CQJ6,10607,Coturnix_japonica
XP_009554013,1CQJ6,8372,Cuculus_canorus
XP_009638130,1CQJ6,9557,Egretta_garzetta
XP_010148429,1CQJ6,8458,Eurypyga_helias
XP_014140561,1CQJ6,7719,Falco_cherrug
XP_013151212,1CQJ6,14261,Falco_peregrinus
XP_005055235,1CQJ6,11250,Ficedula_albicollis
XP_009582805,1CQJ6,8637,Fulmarus_glacialis
XP_015130640,1CQJ6,60274,Gallus_gallus
XP_009818055,1CQJ6,8519,Gavia_stellata
XP_014163689,1CQJ6,10020,Geospiza_fortis
XP_009918247,1CQJ6,8633,Haliaeetus_albicilla
XP_010580037,1CQJ6,8600,Haliaeetus_leucocephalus
XP_017671088,1CQJ6,15783,Lepidothrix_coronata
XP_009955860,1CQJ6,8475,Leptosomus_discolor
XP_010718342,1CQJ6,7459,Meleagris_gallopavo
XP_005147781,1CQJ6,7369,Melopsittacus_undulatus
XP_008941122,1CQJ6,8148,Merops_nubicus
XP_010184135,1CQJ6,7339,Mesitornis_unicolor
XP_010015181,1CQJ6,7738,Nestor_notabilis
XP_009471435,1CQJ6,9582,Nipponia_nippon
XP_009930775,1CQJ6,8491,Opisthocomus_hoazin
XP_015499884,1CQJ6,16332,Parus_major
XP_009489617,1CQJ6,8561,Pelecanus_crispus
XP_010286627,1CQJ6,8549,Phaethon_lepturus
XP_009513155,1CQJ6,9996,Phalacrocorax_carbo
XP_009909324,1CQJ6,8416,Picoides_pubescens
XP_005524270,1CQJ6,14331,Pseudopodoces_humilis
XP_010071618,1CQJ6,8463,Pterocles_gutturalis
XP_009319227,1CQJ6,8539,Pygoscelis_adeliae
XP_009090745,1CQJ6,7317,Serinus_canaria
XP_009664962,1CQJ6,12256,Struthio_camelus
XP_014748654,1CQJ6,13689,Sturnus_vulgaris
XP_012433392,1CQJ6,13287,Taeniopygia_guttata
XP_009977033,1CQJ6,8518,Tauraco_erythrolophus
XP_010216194,1CQJ6,6368,Tinamus_guttatus
XP_009962891,1CQJ6,8377,Tyto_alba
XP_005494064,1CQJ6,7473,Zonotrichia_albicollis
XP_007237448,1CQJ6,22676,Astyanax_mexicanus
XP_013878893,1CQJ6,9911,Austrofundulus_limnaeus
XP_012684123,1CQJ6,12363,Clupea_harengus
XP_008335748,1CQJ6,2693,Cynoglossus_semilaevis
XP_015225523,1CQJ6,6581,Cyprinodon_variegatus
XP_003199177,1CQJ6,11954,Danio_rerio
XP_010893357,1CQJ6,7156,Esox_lucius
XP_012721685,1CQJ6,5342,Fundulus_heteroclitus
XP_005927014,1CQJ6,4280,Haplochromis_burtoni
XP_017324292,1CQJ6,9593,Ictalurus_punctatus
XP_017290796,1CQJ6,7507,Kryptolebias_marmoratus
XP_010754406,1CQJ6,5228,Larimichthys_crocea
XP_018524664,1CQJ6,6353,Lates_calcarifer
XP_015221737,1CQJ6,22981,Lepisosteus_oculatus
XP_004544192,1CQJ6,4986,Maylandia_zebra
XP_006803211,1CQJ6,5684,Neolamprologus_brichardi
XP_015827603,1CQJ6,5196,Nothobranchius_furzeri
XP_010767243,1CQJ6,5134,Notothenia_coriiceps
XP_003445686,1CQJ6,4452,Oreochromis_niloticus
XP_004072771,1CQJ6,7902,Oryzias_latipes
XP_007567179,1CQJ6,4254,Poecilia_formosa
XP_014871158,1CQJ6,4254,Poecilia_latipinna
XP_014866035,1CQJ6,4361,Poecilia_mexicana
XP_008415701,1CQJ6,4232,Poecilia_reticulata
XP_005729614,1CQJ6,4279,Pundamilia_nyererei
XP_017577143,1CQJ6,28176,Pygocentrus_nattereri
XP_014027308,1CQJ6,5491,Salmo_salar
XP_018587276,1CQJ6,13822,Scleropages_formosus
XP_016336235,1CQJ6,9564,Sinocyclocheilus_anshuiensis
XP_016093298,1CQJ6,17855,Sinocyclocheilus_grahami
XP_016387301,1CQJ6,8259,Sinocyclocheilus_rhinocerous
XP_008274956,1CQJ6,6922,Stegastes_partitus
XP_003974556,1CQJ6,5369,Takifugu_rubripes
XP_005806978,1CQJ6,4278,Xiphophorus_maculatus
XP_014940656,1CQJ6,19598,Acinonyx_jubatus
XP_011235959,1CQJ6,17492,Ailuropoda_melanoleuca
XP_012311315,1CQJ6,34672,Aotus_nancymaae
XP_007189710,1CQJ6,25726,Balaenoptera_acutorostrata
XP_010850737,1CQJ6,66716,Bison_bison
XP_014332315,1CQJ6,70968,Bos_mutus
XP_010812170,1CQJ6,66644,Bos_taurus
XP_006054562,1CQJ6,66556,Bubalus_bubalis
XP_017831995,1CQJ6,49164,Callithrix_jacchus
XP_010946670,1CQJ6,15971,Camelus_bactrianus
XP_010982624,1CQJ6,15975,Camelus_dromedarius
XP_014410137,1CQJ6,15996,Camelus_ferus
XP_013963535,1CQJ6,18934,Canis_lupus
XP_017916907,1CQJ6,35861,Capra_hircus
XP_008067571,1CQJ6,28222,Carlito_syrichta
XP_003461210,1CQJ6,26983,Cavia_porcellus
XP_017360001,1CQJ6,46096,Cebus_capucinus
XP_014642676,1CQJ6,25603,Ceratotherium_simum
XP_011926878,1CQJ6,44256,Cercocebus_atys
XP_013359187,1CQJ6,20942,Chinchilla_lanigera
XP_008003417,1CQJ6,50705,Chlorocebus_sabaeus
XP_006874142,1CQJ6,43134,Chrysochloris_asiatica
XP_011816817,1CQJ6,32079,Colobus_angolensis
XP_004690887,1CQJ6,11145,Condylura_cristata
XP_007653207,1CQJ6,12707,Cricetulus_griseus
XP_012381871,1CQJ6,49692,Dasypus_novemcinctus
XP_012878600,1CQJ6,13087,Dipodomys_ordii
XP_004709679,1CQJ6,24317,Echinops_telfairi
XP_006901034,1CQJ6,22366,Elephantulus_edwardii
XP_008155509,1CQJ6,18668,Eptesicus_fuscus
XP_014713526,1CQJ6,37637,Equus_asinus
XP_014583054,1CQJ6,37320,Equus_caballus
XP_008532944,1CQJ6,36447,Equus_przewalskii
XP_007529351,1CQJ6,16609,Erinaceus_europaeus
XP_011285994,1CQJ6,20353,Felis_catus
XP_010602576,1CQJ6,12955,Fukomys_damarensis
XP_008581082,1CQJ6,34882,Galeopterus_variegatus
XP_018894975,1CQJ6,30974,Gorilla_gorilla
XP_012927312,1CQJ6,9799,Heterocephalus_glaber
XP_016874467,1CQJ6,37952,Homo_sapiens
XP_013218824,1CQJ6,30286,Ictidomys_tridecemlineatus
XP_004668921,1CQJ6,38782,Jaculus_jaculus
XP_006740615,1CQJ6,25956,Leptonychotes_weddellii
XP_007455512,1CQJ6,29178,Lipotes_vexillifer
XP_010599100,1CQJ6,24636,Loxodonta_africana
XP_015287316,1CQJ6,39874,Macaca_fascicularis
XP_014965197,1CQJ6,40000,Macaca_mulatta
XP_011754570,1CQJ6,48688,Macaca_nemestrina
XP_017931682,1CQJ6,9461,Manacus_vitellinus
XP_011837336,1CQJ6,41101,Mandrillus_leucophaeus
XP_017520123,1CQJ6,17700,Manis_javanica
XP_015361112,1CQJ6,30024,Marmota_marmota
XP_012976425,1CQJ6,22019,Mesocricetus_auratus
XP_012622481,1CQJ6,26529,Microcebus_murinus
XP_005344585,1CQJ6,23026,Microtus_ochrogaster
XP_016058658,1CQJ6,13491,Miniopterus_natalensis
XP_007489679,1CQJ6,46858,Monodelphis_domestica
NP_031967,1CQJ6,20662,Mus_musculus
XP_004778258,1CQJ6,23135,Mustela_putorius
XP_005873318,1CQJ6,7843,Myotis_brandtii
XP_006768818,1CQJ6,7248,Myotis_davidii
XP_008851989,1CQJ6,27579,Nannospalax_galili
XP_003276169,1CQJ6,45872,Nomascus_leucogenys
XP_012785304,1CQJ6,14227,Ochotona_princeps
XP_004635909,1CQJ6,27113,Octodon_degus
XP_004415511,1CQJ6,27247,Odobenus_rosmarus
XP_012390993,1CQJ6,25772,Orcinus_orca
XP_001508711,1CQJ6,17629,Ornithorhynchus_anatinus
XP_007953240,1CQJ6,41049,Orycteropus_afer
XP_008248638,1CQJ6,23019,Oryctolagus_cuniculus
XP_003802648,1CQJ6,32756,Otolemur_garnettii
XP_014957055,1CQJ6,66232,Ovis_aries
XP_008969345,1CQJ6,31171,Pan_paniscus
XP_001138080,1CQJ6,44239,Pan_troglodytes
XP_015396509,1CQJ6,20231,Panthera_tigris
XP_005973973,1CQJ6,28141,Pantholops_hodgsonii
XP_009180322,1CQJ6,34903,Papio_anubis
XP_006971439,1CQJ6,21555,Peromyscus_maniculatus
XP_007120898,1CQJ6,26920,Physeter_catodon
XP_009246679,1CQJ6,45201,Pongo_abelii
XP_012497656,1CQJ6,859,Propithecus_coquereli
XP_006910028,1CQJ6,21975,Pteropus_alecto
XP_011369690,1CQJ6,16475,Pteropus_vampyrus
NP_036880,1CQJ6,21723,Rattus_norvegicus
XP_017723342,1CQJ6,39622,Rhinopithecus_bieti
XP_010353287,1CQJ6,36471,Rhinopithecus_roxellana
XP_016001473,1CQJ6,14897,Rousettus_aegyptiacus
XP_010345924,1CQJ6,33976,Saimiri_boliviensis
XP_012397788,1CQJ6,24662,Sarcophilus_harrisii
XP_004611181,1CQJ6,39388,Sorex_araneus
XP_005670593,1CQJ6,52042,Sus_scrofa
XP_012413480,1CQJ6,23710,Trichechus_manatus
XP_006147403,1CQJ6,18161,Tupaia_chinensis
XP_004329326,1CQJ6,9106,Tursiops_truncatus
XP_008687005,1CQJ6,18453,Ursus_maritimus
XP_015099248,1CQJ6,16571,Vicugna_pacos
XP_014454040,1CQJ6,42369,Alligator_mississippiensis
XP_006017150,1CQJ6,45172,Alligator_sinensis
XP_008111839,1CQJ6,10446,Anolis_carolinensis
XP_007906017,1CQJ6,6718,Callorhinchus_milii
XP_007055036,1CQJ6,29651,Chelonia_mydas
XP_005299602,1CQJ6,31334,Chrysemys_picta
XP_015273352,1CQJ6,36233,Gekko_japonicus
XP_014344620,1CQJ6,35080,Latimeria_chalumnae
XP_018422321,1CQJ6,57188,Nanorana_parkeri
XP_006127214,1CQJ6,15694,Pelodiscus_sinensis
XP_015680633,1CQJ6,25299,Protobothrops_mucrosquamatus
XP_007426724,1CQJ6,11180,Python_bivittatus
XP_013922947,1CQJ6,3613,Thamnophis_sirtalis
NP_001086863,1CQJ6,31603,Xenopus_laevis
XP_012821143,1CQJ6,40976,Xenopus_tropicalis
XP_009080918,1CR8Z,6448,Acanthisitta_chloris
XP_005028366,1CR8Z,8466,Anas_platyrhynchos
XP_013036528,1CR8Z,9401,Anser_cygnoides
XP_009877173,1CR8Z,3113,Apaloderma_vittatum
XP_009288387,1CR8Z,11443,Aptenodytes_forsteri
XP_013802813,1CR8Z,18665,Apteryx_australis
XP_011576955,1CR8Z,13371,Aquila_chrysaetos
XP_010303605,1CR8Z,6425,Balearica_regulorum
XP_010144586,1CR8Z,3199,Buceros_rhinoceros
XP_014818661,1CR8Z,13144,Calidris_pugnax
XP_008494827,1CR8Z,6773,Calypte_anna
XP_010161989,1CR8Z,6494,Caprimulgus_carolinensis
XP_009697501,1CR8Z,12255,Cariama_cristata
XP_010004691,1CR8Z,8064,Chaetura_pelagica
XP_009880180,1CR8Z,6656,Charadrius_vociferus
XP_010121817,1CR8Z,6742,Chlamydotis_macqueenii
XP_010196742,1CR8Z,2975,Colius_striatus
XP_005510155,1CR8Z,7201,Columba_livia
XP_008634840,1CR8Z,13289,Corvus_brachyrhynchos
XP_010408905,1CR8Z,6464,Corvus_cornix
XP_015715772,1CR8Z,10022,Coturnix_japonica
XP_009566725,1CR8Z,13446,Cuculus_canorus
XP_009646047,1CR8Z,7224,Egretta_garzetta
XP_010159046,1CR8Z,6442,Eurypyga_helias
XP_005446845,1CR8Z,6584,Falco_cherrug
XP_013150995,1CR8Z,13154,Falco_peregrinus
XP_016161455,1CR8Z,13889,Ficedula_albicollis
XP_009575417,1CR8Z,6344,Fulmarus_glacialis
NP_989601,1CR8Z,10302,Gallus_gallus
XP_009805812,1CR8Z,12453,Gavia_stellata
XP_014162829,1CR8Z,9510,Geospiza_fortis
XP_009922034,1CR8Z,6573,Haliaeetus_albicilla
XP_010564363,1CR8Z,13393,Haliaeetus_leucocephalus
XP_017678807,1CR8Z,13087,Lepidothrix_coronata
XP_009960536,1CR8Z,3184,Leptosomus_discolor
XP_010709167,1CR8Z,10225,Meleagris_gallopavo
XP_005150400,1CR8Z,12636,Melopsittacus_undulatus
XP_008938414,1CR8Z,629,Merops_nubicus
XP_010189474,1CR8Z,6038,Mesitornis_unicolor
XP_010011753,1CR8Z,6473,Nestor_notabilis
XP_009473487,1CR8Z,12968,Nipponia_nippon
XP_009933313,1CR8Z,18665,Opisthocomus_hoazin
XP_015484763,1CR8Z,13133,Parus_major
XP_009492028,1CR8Z,6660,Pelecanus_crispus
XP_010287612,1CR8Z,6616,Phaethon_lepturus
XP_009499115,1CR8Z,6701,Phalacrocorax_carbo
XP_009900781,1CR8Z,13271,Picoides_pubescens
XP_005527686,1CR8Z,13137,Pseudopodoces_humilis
XP_010080666,1CR8Z,6352,Pterocles_gutturalis
XP_009320808,1CR8Z,11244,Pygoscelis_adeliae
XP_009084762,1CR8Z,13295,Serinus_canaria
XP_009663530,1CR8Z,6644,Struthio_camelus
XP_014740805,1CR8Z,13129,Sturnus_vulgaris
XP_002195507,1CR8Z,14599,Taeniopygia_guttata
XP_009983476,1CR8Z,6526,Tauraco_erythrolophus
XP_010218411,1CR8Z,6355,Tinamus_guttatus
XP_009968193,1CR8Z,3223,Tyto_alba
XP_005488695,1CR8Z,6454,Zonotrichia_albicollis
XP_007257677,1CR8Z,29639,Astyanax_mexicanus
XP_013862406,1CR8Z,14447,Austrofundulus_limnaeus
XP_012687085,1CR8Z,11353,Clupea_harengus
XP_016890502,1CR8Z,11652,Cynoglossus_semilaevis
XP_015234056,1CR8Z,11993,Cyprinodon_variegatus
XP_005171668,1CR8Z,16063,Danio_rerio
XP_012991357,1CR8Z,15176,Esox_lucius
XP_012728590,1CR8Z,12401,Fundulus_heteroclitus
XP_005949384,1CR8Z,9283,Haplochromis_burtoni
XP_017314427,1CR8Z,11435,Ictalurus_punctatus
XP_017272036,1CR8Z,10978,Kryptolebias_marmoratus
XP_010734165,1CR8Z,8463,Larimichthys_crocea
XP_018523300,1CR8Z,10048,Lates_calcarifer
XP_015215050,1CR8Z,8484,Lepisosteus_oculatus
XP_004560818,1CR8Z,9265,Maylandia_zebra
XP_006798073,1CR8Z,9262,Neolamprologus_brichardi
XP_015800916,1CR8Z,20193,Nothobranchius_furzeri
XP_010773714,1CR8Z,7957,Notothenia_coriiceps
XP_005468404,1CR8Z,9605,Oreochromis_niloticus
XP_004066160,1CR8Z,20924,Oryzias_latipes
XP_007576325,1CR8Z,20094,Poecilia_formosa
XP_014873418,1CR8Z,23039,Poecilia_latipinna
XP_014845842,1CR8Z,19987,Poecilia_mexicana
XP_008428343,1CR8Z,18998,Poecilia_reticulata
XP_005750206,1CR8Z,9232,Pundamilia_nyererei
XP_017568751,1CR8Z,21409,Pygocentrus_nattereri
XP_014048129,1CR8Z,8280,Salmo_salar
XP_018598462,1CR8Z,9332,Scleropages_formosus
XP_016300222,1CR8Z,8559,Sinocyclocheilus_anshuiensis
XP_016124411,1CR8Z,8410,Sinocyclocheilus_grahami
XP_016370232,1CR8Z,8689,Sinocyclocheilus_rhinocerous
XP_008298887,1CR8Z,14949,Stegastes_partitus
XP_011602017,1CR8Z,5268,Takifugu_rubripes
XP_014328747,1CR8Z,21865,Xiphophorus_maculatus
XP_014934595,1CR8Z,12473,Acinonyx_jubatus
XP_011217152,1CR8Z,17317,Ailuropoda_melanoleuca
XP_012314408,1CR8Z,18449,Aotus_nancymaae
XP_007189140,1CR8Z,18344,Balaenoptera_acutorostrata
XP_010843426,1CR8Z,18035,Bison_bison
XP_014334831,1CR8Z,10159,Bos_mutus
XP_005207395,1CR8Z,18367,Bos_taurus
XP_006071362,1CR8Z,18235,Bubalus_bubalis
XP_008977678,1CR8Z,10567,Callithrix_jacchus
XP_010958588,1CR8Z,16984,Camelus_bactrianus
XP_010981864,1CR8Z,17109,Camelus_dromedarius
XP_006176018,1CR8Z,17659,Camelus_ferus
XP_005625737,1CR8Z,18276,Canis_lupus
XP_013819807,1CR8Z,18087,Capra_hircus
XP_008047762,1CR8Z,17782,Carlito_syrichta
XP_013008529,1CR8Z,6987,Cavia_porcellus
XP_017400072,1CR8Z,21074,Cebus_capucinus
XP_004437928,1CR8Z,17078,Ceratotherium_simum
XP_011887316,1CR8Z,17986,Cercocebus_atys
XP_005379341,1CR8Z,14049,Chinchilla_lanigera
XP_007974018,1CR8Z,17948,Chlorocebus_sabaeus
XP_006865237,1CR8Z,17808,Chrysochloris_asiatica
XP_011819591,1CR8Z,9977,Colobus_angolensis
XP_012590337,1CR8Z,15211,Condylura_cristata
XP_003509518,1CR8Z,11305,Cricetulus_griseus
XP_004447898,1CR8Z,15779,Dasypus_novemcinctus
XP_012880280,1CR8Z,15544,Dipodomys_ordii
XP_004700319,1CR8Z,17611,Echinops_telfairi
XP_006890172,1CR8Z,20388,Elephantulus_edwardii
XP_008142831,1CR8Z,16516,Eptesicus_fuscus
XP_014705572,1CR8Z,17386,Equus_asinus
XP_014592400,1CR8Z,9836,Equus_caballus
XP_008540025,1CR8Z,17219,Equus_przewalskii
XP_007519451,1CR8Z,22948,Erinaceus_europaeus
XP_006934109,1CR8Z,12331,Felis_catus
XP_010612260,1CR8Z,15491,Fukomys_damarensis
XP_008582968,1CR8Z,16369,Galeopterus_variegatus
XP_018874290,1CR8Z,10000,Gorilla_gorilla
XP_004845640,1CR8Z,14068,Heterocephalus_glaber
NP_002599,1CR8Z,18241,Homo_sapiens
XP_013212684,1CR8Z,12544,Ictidomys_tridecemlineatus
XP_004650379,1CR8Z,20850,Jaculus_jaculus
XP_006746899,1CR8Z,18202,Leptonychotes_weddellii
XP_007454065,1CR8Z,18680,Lipotes_vexillifer
XP_010597628,1CR8Z,18986,Loxodonta_africana
XP_005567301,1CR8Z,19388,Macaca_fascicularis
XP_001097395,1CR8Z,18000,Macaca_mulatta
XP_011710619,1CR8Z,19765,Macaca_nemestrina
XP_017935600,1CR8Z,13061,Manacus_vitellinus
XP_011834224,1CR8Z,18008,Mandrillus_leucophaeus
XP_017516225,1CR8Z,16535,Manis_javanica
XP_012966781,1CR8Z,5953,Mesocricetus_auratus
XP_012597380,1CR8Z,16676,Microcebus_murinus
XP_005354242,1CR8Z,15318,Microtus_ochrogaster
XP_016060759,1CR8Z,7820,Miniopterus_natalensis
XP_007503248,1CR8Z,19887,Monodelphis_domestica
NP_035187,1CR8Z,16419,Mus_musculus
XP_004743334,1CR8Z,17388,Mustela_putorius
XP_014398060,1CR8Z,25419,Myotis_brandtii
XP_006776082,1CR8Z,8534,Myotis_davidii
XP_006105710,1CR8Z,16235,Myotis_lucifugus
XP_008849454,1CR8Z,16932,Nannospalax_galili
XP_012363145,1CR8Z,9907,Nomascus_leucogenys
XP_004589551,1CR8Z,11856,Ochotona_princeps
XP_004634688,1CR8Z,14036,Octodon_degus
XP_012416831,1CR8Z,17342,Odobenus_rosmarus
XP_004279544,1CR8Z,18518,Orcinus_orca
XP_001516027,1CR8Z,1238,Ornithorhynchus_anatinus
XP_007939868,1CR8Z,18065,Orycteropus_afer
XP_017197577,1CR8Z,13400,Oryctolagus_cuniculus
XP_003783240,1CR8Z,18806,Otolemur_garnettii
NP_001009471,1CR8Z,18111,Ovis_aries
XP_003821658,1CR8Z,18790,Pan_paniscus
XP_515140,1CR8Z,18034,Pan_troglodytes
XP_007079468,1CR8Z,12097,Panthera_tigris
XP_005955710,1CR8Z,12701,Pantholops_hodgsonii
XP_003905609,1CR8Z,17959,Papio_anubis
XP_015853329,1CR8Z,12401,Peromyscus_maniculatus
XP_007110294,1CR8Z,18235,Physeter_catodon
XP_002831201,1CR8Z,17966,Pongo_abelii
XP_012493469,1CR8Z,17461,Propithecus_coquereli
XP_006917467,1CR8Z,10940,Pteropus_alecto
XP_011367402,1CR8Z,16717,Pteropus_vampyrus
NP_113712,1CR8Z,16328,Rattus_norvegicus
XP_017715367,1CR8Z,9986,Rhinopithecus_bieti
XP_010387578,1CR8Z,17786,Rhinopithecus_roxellana
XP_015984384,1CR8Z,16121,Rousettus_aegyptiacus
XP_003932904,1CR8Z,18922,Saimiri_boliviensis
XP_003771048,1CR8Z,21760,Sarcophilus_harrisii
XP_004610770,1CR8Z,9933,Sorex_araneus
XP_005663840,1CR8Z,1843,Sus_scrofa
XP_004373928,1CR8Z,17954,Trichechus_manatus
XP_014444193,1CR8Z,16944,Tupaia_chinensis
XP_004330975,1CR8Z,9654,Tursiops_truncatus
XP_008703950,1CR8Z,18892,Ursus_maritimus
XP_006207156,1CR8Z,17143,Vicugna_pacos
XP_006262423,1CR8Z,16413,Alligator_mississippiensis
XP_014378307,1CR8Z,16412,Alligator_sinensis
XP_008108917,1CR8Z,34071,Anolis_carolinensis
XP_007884275,1CR8Z,1085,Callorhinchus_milii
XP_007069146,1CR8Z,20365,Chelonia_mydas
XP_008177521,1CR8Z,17585,Chrysemys_picta
XP_015274676,1CR8Z,29393,Gekko_japonicus
XP_006010624,1CR8Z,4597,Latimeria_chalumnae
XP_018425766,1CR8Z,24705,Nanorana_parkeri
XP_006111595,1CR8Z,22511,Pelodiscus_sinensis
XP_015672210,1CR8Z,29307,Protobothrops_mucrosquamatus
XP_007429696,1CR8Z,31582,Python_bivittatus
XP_013916380,1CR8Z,30919,Thamnophis_sirtalis
XP_018115156,1CR8Z,13400,Xenopus_laevis
XP_009068681,1CTEU,1987,Acanthisitta_chloris
XP_005020561,1CTEU,1983,Anas_platyrhynchos
XP_013036095,1CTEU,3932,Anser_cygnoides
XP_009864804,1CTEU,1945,Apaloderma_vittatum
XP_009273649,1CTEU,3712,Aptenodytes_forsteri
XP_013801750,1CTEU,1532,Apteryx_australis
XP_011576306,1CTEU,1748,Aquila_chrysaetos
XP_010305810,1CTEU,1767,Balearica_regulorum
XP_010139984,1CTEU,1630,Buceros_rhinoceros
XP_014810852,1CTEU,1739,Calidris_pugnax
XP_008496361,1CTEU,1968,Calypte_anna
XP_010167758,1CTEU,2055,Caprimulgus_carolinensis
XP_009703051,1CTEU,1808,Cariama_cristata
XP_009999490,1CTEU,6059,Chaetura_pelagica
XP_009887635,1CTEU,3012,Charadrius_vociferus
XP_010117090,1CTEU,2440,Chlamydotis_macqueenii
XP_010194077,1CTEU,1883,Colius_striatus
XP_005502695,1CTEU,2042,Columba_livia
XP_017583997,1CTEU,3728,Corvus_brachyrhynchos
XP_010400445,1CTEU,6958,Corvus_cornix
XP_015716291,1CTEU,1710,Coturnix_japonica
XP_009564635,1CTEU,1804,Cuculus_canorus
XP_009634666,1CTEU,1518,Egretta_garzetta
XP_010146765,1CTEU,1714,Eurypyga_helias
XP_005435146,1CTEU,3418,Falco_cherrug
XP_013157607,1CTEU,3387,Falco_peregrinus
XP_005045190,1CTEU,1739,Ficedula_albicollis
XP_009585907,1CTEU,1741,Fulmarus_glacialis
XP_004940900,1CTEU,1668,Gallus_gallus
XP_009806678,1CTEU,2032,Gavia_stellata
XP_005419961,1CTEU,1494,Geospiza_fortis
XP_009928203,1CTEU,2082,Haliaeetus_albicilla
XP_010567246,1CTEU,1744,Haliaeetus_leucocephalus
XP_017672762,1CTEU,2678,Lepidothrix_coronata
XP_009954653,1CTEU,2021,Leptosomus_discolor
XP_003205566,1CTEU,1758,Meleagris_gallopavo
XP_005151465,1CTEU,4095,Melopsittacus_undulatus
XP_008946643,1CTEU,1510,Merops_nubicus
XP_010182490,1CTEU,2047,Mesitornis_unicolor
XP_010009624,1CTEU,2179,Nestor_notabilis
XP_009473100,1CTEU,1997,Nipponia_nippon
XP_009933019,1CTEU,1493,Opisthocomus_hoazin
XP_015482108,1CTEU,1733,Parus_major
XP_009489752,1CTEU,2112,Pelecanus_crispus
XP_010292058,1CTEU,1507,Phaethon_lepturus
XP_009504452,1CTEU,1922,Phalacrocorax_carbo
XP_009899866,1CTEU,2777,Picoides_pubescens
XP_005526257,1CTEU,1736,Pseudopodoces_humilis
XP_010074100,1CTEU,2090,Pterocles_gutturalis
XP_009329574,1CTEU,2206,Pygoscelis_adeliae
XP_009099118,1CTEU,1778,Serinus_canaria
XP_009670336,1CTEU,1514,Struthio_camelus
XP_014742282,1CTEU,1711,Sturnus_vulgaris
NP_001232591,1CTEU,1733,Taeniopygia_guttata
XP_009981475,1CTEU,1780,Tauraco_erythrolophus
XP_010216003,1CTEU,2241,Tinamus_guttatus
XP_009963827,1CTEU,2216,Tyto_alba
XP_014128596,1CTEU,1881,Zonotrichia_albicollis
XP_007227925,1CTEU,3688,Astyanax_mexicanus
XP_013860789,1CTEU,2279,Austrofundulus_limnaeus
XP_012689508,1CTEU,2860,Clupea_harengus
XP_008331551,1CTEU,1973,Cynoglossus_semilaevis
XP_015242602,1CTEU,1621,Cyprinodon_variegatus
XP_017214634,1CTEU,2076,Danio_rerio
XP_010886863,1CTEU,1952,Esox_lucius
XP_012710795,1CTEU,1935,Fundulus_heteroclitus
XP_005922277,1CTEU,1941,Haplochromis_burtoni
NP_001188059,1CTEU,2253,Ictalurus_punctatus
XP_017263999,1CTEU,2522,Kryptolebias_marmoratus
XP_010744444,1CTEU,1659,Larimichthys_crocea
XP_018547457,1CTEU,1985,Lates_calcarifer
XP_006638960,1CTEU,3665,Lepisosteus_oculatus
XP_014268100,1CTEU,1833,Maylandia_zebra
XP_006781325,1CTEU,1814,Neolamprologus_brichardi
XP_015804212,1CTEU,1719,Nothobranchius_furzeri
XP_010774339,1CTEU,1764,Notothenia_coriiceps
XP_003445278,1CTEU,1851,Oreochromis_niloticus
XP_004076397,1CTEU,1810,Oryzias_latipes
XP_007555149,1CTEU,1659,Poecilia_formosa
XP_014916637,1CTEU,1646,Poecilia_latipinna
XP_014856955,1CTEU,1660,Poecilia_mexicana
XP_008419011,1CTEU,1629,Poecilia_reticulata
XP_005723073,1CTEU,1824,Pundamilia_nyererei
XP_017558395,1CTEU,3606,Pygocentrus_nattereri
NP_001133211,1CTEU,2044,Salmo_salar
XP_018602041,1CTEU,2530,Scleropages_formosus
XP_016302044,1CTEU,2079,Sinocyclocheilus_anshuiensis
XP_016100100,1CTEU,1988,Sinocyclocheilus_grahami
XP_016423297,1CTEU,2055,Sinocyclocheilus_rhinocerous
XP_008274460,1CTEU,2040,Stegastes_partitus
NP_001037839,1CTEU,1566,Takifugu_rubripes
XP_005802974,1CTEU,1910,Xiphophorus_maculatus
XP_014923064,1CTEU,1732,Acinonyx_jubatus
XP_002914076,1CTEU,3833,Ailuropoda_melanoleuca
XP_012331262,1CTEU,2734,Aotus_nancymaae
XP_007177934,1CTEU,4630,Balaenoptera_acutorostrata
XP_010834070,1CTEU,3568,Bison_bison
NP_001281255,1CTEU,2426,Bos_mutus
NP_777084,1CTEU,2426,Bos_taurus
XP_006046161,1CTEU,2451,Bubalus_bubalis
XP_002763256,1CTEU,2724,Callithrix_jacchus
XP_010966571,1CTEU,1847,Camelus_bactrianus
XP_010994920,1CTEU,2562,Camelus_dromedarius
XP_006185348,1CTEU,1540,Camelus_ferus
XP_851701,1CTEU,2515,Canis_lupus
XP_017900232,1CTEU,2450,Capra_hircus
XP_008071797,1CTEU,1903,Carlito_syrichta
XP_003467674,1CTEU,2576,Cavia_porcellus
XP_017366737,1CTEU,2736,Cebus_capucinus
XP_004442317,1CTEU,2421,Ceratotherium_simum
XP_011942986,1CTEU,2540,Cercocebus_atys
XP_005410502,1CTEU,2577,Chinchilla_lanigera
XP_008017609,1CTEU,2538,Chlorocebus_sabaeus
XP_006872184,1CTEU,897,Chrysochloris_asiatica
XP_011792354,1CTEU,975,Colobus_angolensis
XP_004685798,1CTEU,2546,Condylura_cristata
XP_007638943,1CTEU,2122,Cricetulus_griseus
XP_004457853,1CTEU,3615,Dasypus_novemcinctus
XP_012875340,1CTEU,4368,Dipodomys_ordii
XP_004712804,1CTEU,891,Echinops_telfairi
XP_006892713,1CTEU,897,Elephantulus_edwardii
XP_008155059,1CTEU,2429,Eptesicus_fuscus
XP_014695003,1CTEU,3598,Equus_asinus
NP_001296342,1CTEU,1402,Equus_caballus
XP_008515509,1CTEU,3598,Equus_przewalskii
XP_007536473,1CTEU,3825,Erinaceus_europaeus
XP_011277743,1CTEU,2818,Felis_catus
XP_010611288,1CTEU,2502,Fukomys_damarensis
XP_008584863,1CTEU,5130,Galeopterus_variegatus
XP_004064821,1CTEU,2543,Gorilla_gorilla
XP_004872213,1CTEU,2559,Heterocephalus_glaber
NP_001143,1CTEU,2543,Homo_sapiens
XP_005319438,1CTEU,2607,Ictidomys_tridecemlineatus
XP_004653571,1CTEU,897,Jaculus_jaculus
XP_006741435,1CTEU,2617,Leptonychotes_weddellii
XP_007465511,1CTEU,2560,Lipotes_vexillifer
XP_003414833,1CTEU,2498,Loxodonta_africana
XP_005594508,1CTEU,2536,Macaca_fascicularis
NP_001253938,1CTEU,2536,Macaca_mulatta
XP_011733318,1CTEU,6076,Macaca_nemestrina
XP_017939466,1CTEU,3522,Manacus_vitellinus
XP_011832535,1CTEU,2536,Mandrillus_leucophaeus
XP_017500374,1CTEU,2525,Manis_javanica
XP_015341636,1CTEU,4166,Marmota_marmota
XP_005066726,1CTEU,3457,Mesocricetus_auratus
XP_012600219,1CTEU,897,Microcebus_murinus
XP_005368950,1CTEU,2963,Microtus_ochrogaster
XP_016066815,1CTEU,5049,Miniopterus_natalensis
XP_016278524,1CTEU,897,Monodelphis_domestica
NP_031477,1CTEU,2814,Mus_musculus
XP_004762153,1CTEU,1412,Mustela_putorius
XP_005859507,1CTEU,2558,Myotis_brandtii
XP_006762396,1CTEU,2451,Myotis_davidii
XP_006082242,1CTEU,2478,Myotis_lucifugus
XP_008842240,1CTEU,3326,Nannospalax_galili
XP_003262295,1CTEU,2549,Nomascus_leucogenys
XP_004587695,1CTEU,2434,Ochotona_princeps
XP_004645751,1CTEU,2556,Octodon_degus
XP_004407897,1CTEU,897,Odobenus_rosmarus
XP_004275853,1CTEU,2559,Orcinus_orca
XP_007664663,1CTEU,1295,Ornithorhynchus_anatinus
XP_007951536,1CTEU,2475,Orycteropus_afer
XP_002720265,1CTEU,897,Oryctolagus_cuniculus
XP_003797041,1CTEU,2519,Otolemur_garnettii
NP_001120751,1CTEU,2666,Ovis_aries
XP_003812675,1CTEU,2539,Pan_paniscus
XP_016798998,1CTEU,2543,Pan_troglodytes
XP_015395376,1CTEU,893,Panthera_tigris
XP_005972655,1CTEU,3731,Pantholops_hodgsonii
XP_003918246,1CTEU,2532,Papio_anubis
XP_006993673,1CTEU,3125,Peromyscus_maniculatus
XP_007111376,1CTEU,3588,Physeter_catodon
NP_001126815,1CTEU,2529,Pongo_abelii
XP_012508996,1CTEU,2484,Propithecus_coquereli
XP_006904765,1CTEU,2495,Pteropus_alecto
XP_011378497,1CTEU,2529,Pteropus_vampyrus
NP_476443,1CTEU,2765,Rattus_norvegicus
XP_017737774,1CTEU,75714,Rhinopithecus_bieti
XP_010360127,1CTEU,897,Rhinopithecus_roxellana
XP_015992710,1CTEU,2512,Rousettus_aegyptiacus
XP_003942672,1CTEU,897,Saimiri_boliviensis
XP_003773072,1CTEU,3022,Sarcophilus_harrisii
XP_004614519,1CTEU,2385,Sorex_araneus
XP_001927475,1CTEU,2547,Sus_scrofa
XP_004385246,1CTEU,5053,Trichechus_manatus
XP_014439596,1CTEU,1404,Tupaia_chinensis
XP_004329128,1CTEU,2556,Tursiops_truncatus
XP_008705191,1CTEU,1455,Ursus_maritimus
XP_006198043,1CTEU,3574,Vicugna_pacos
XP_006277426,1CTEU,2636,Alligator_mississippiensis
XP_006015968,1CTEU,3234,Alligator_sinensis
XP_003218854,1CTEU,7972,Anolis_carolinensis
XP_007891332,1CTEU,8131,Callorhinchus_milii
XP_007068661,1CTEU,3635,Chelonia_mydas
XP_005283319,1CTEU,4134,Chrysemys_picta
XP_015282535,1CTEU,5467,Gekko_japonicus
XP_005997260,1CTEU,17361,Latimeria_chalumnae
XP_018416794,1CTEU,12051,Nanorana_parkeri
XP_006128548,1CTEU,4430,Pelodiscus_sinensis
XP_015673967,1CTEU,4028,Protobothrops_mucrosquamatus
XP_007444665,1CTEU,3710,Python_bivittatus
XP_013920554,1CTEU,5581,Thamnophis_sirtalis
NP_001080495,1CTEU,2633,Xenopus_laevis
NP_988913,1CTEU,2495,Xenopus_tropicalis
XP_009074623,1CTI9,24980,Acanthisitta_chloris
XP_012959692,1CTI9,22050,Anas_platyrhynchos
XP_013056662,1CTI9,21994,Anser_cygnoides
XP_009865343,1CTI9,23992,Apaloderma_vittatum
XP_009274627,1CTI9,24514,Aptenodytes_forsteri
XP_013810284,1CTI9,28291,Apteryx_australis
XP_011594949,1CTI9,24266,Aquila_chrysaetos
XP_010310588,1CTI9,23563,Balearica_regulorum
XP_010143739,1CTI9,21933,Buceros_rhinoceros
XP_014797190,1CTI9,26548,Calidris_pugnax
XP_008499727,1CTI9,27211,Calypte_anna
XP_010164095,1CTI9,25837,Caprimulgus_carolinensis
XP_009701229,1CTI9,24265,Cariama_cristata
XP_009997780,1CTI9,27982,Chaetura_pelagica
XP_009887277,1CTI9,24896,Charadrius_vociferus
XP_010126087,1CTI9,23273,Chlamydotis_macqueenii
XP_010199318,1CTI9,24561,Colius_striatus
XP_013222582,1CTI9,24604,Columba_livia
XP_008641151,1CTI9,22374,Corvus_brachyrhynchos
XP_010406825,1CTI9,21513,Corvus_cornix
XP_015733467,1CTI9,22215,Coturnix_japonica
XP_009555618,1CTI9,23233,Cuculus_canorus
XP_009641152,1CTI9,23280,Egretta_garzetta
XP_010150470,1CTI9,16120,Eurypyga_helias
XP_005445201,1CTI9,23821,Falco_cherrug
XP_005233252,1CTI9,23783,Falco_peregrinus
XP_016157859,1CTI9,26973,Ficedula_albicollis
XP_009582336,1CTI9,20553,Fulmarus_glacialis
XP_015150385,1CTI9,21901,Gallus_gallus
XP_009805266,1CTI9,23702,Gavia_stellata
XP_014165207,1CTI9,22051,Geospiza_fortis
XP_009925638,1CTI9,24595,Haliaeetus_albicilla
XP_010561633,1CTI9,24626,Haliaeetus_leucocephalus
XP_017693032,1CTI9,16929,Lepidothrix_coronata
XP_009948780,1CTI9,23740,Leptosomus_discolor
XP_010718712,1CTI9,21828,Meleagris_gallopavo
XP_005141801,1CTI9,24430,Melopsittacus_undulatus
XP_008947879,1CTI9,26101,Merops_nubicus
XP_010191116,1CTI9,23564,Mesitornis_unicolor
XP_010010889,1CTI9,24415,Nestor_notabilis
XP_009460965,1CTI9,24338,Nipponia_nippon
XP_009943762,1CTI9,23333,Opisthocomus_hoazin
XP_015499640,1CTI9,21245,Parus_major
XP_009489799,1CTI9,23791,Pelecanus_crispus
XP_010290138,1CTI9,23688,Phaethon_lepturus
XP_009502470,1CTI9,23881,Phalacrocorax_carbo
XP_009908578,1CTI9,30375,Picoides_pubescens
XP_014109177,1CTI9,22248,Pseudopodoces_humilis
XP_010079264,1CTI9,24226,Pterocles_gutturalis
XP_009330305,1CTI9,24261,Pygoscelis_adeliae
XP_018771931,1CTI9,21989,Serinus_canaria
XP_009668553,1CTI9,24380,Struthio_camelus
XP_014750254,1CTI9,21264,Sturnus_vulgaris
XP_012433610,1CTI9,22025,Taeniopygia_guttata
XP_009978306,1CTI9,26786,Tauraco_erythrolophus
XP_010216368,1CTI9,22845,Tinamus_guttatus
XP_009962397,1CTI9,23506,Tyto_alba
XP_005496112,1CTI9,24076,Zonotrichia_albicollis
XP_015456616,1CTI9,15554,Astyanax_mexicanus
XP_013875158,1CTI9,8518,Austrofundulus_limnaeus
XP_012675795,1CTI9,11531,Clupea_harengus
XP_008334315,1CTI9,7228,Cynoglossus_semilaevis
XP_015247448,1CTI9,7966,Cyprinodon_variegatus
NP_956736,1CTI9,19797,Danio_rerio
XP_010901675,1CTI9,11550,Esox_lucius
XP_012720773,1CTI9,12233,Fundulus_heteroclitus
XP_005922009,1CTI9,7553,Haplochromis_burtoni
XP_017306909,1CTI9,5501,Ictalurus_punctatus
XP_017286289,1CTI9,5520,Kryptolebias_marmoratus
XP_010749645,1CTI9,6165,Larimichthys_crocea
XP_018544003,1CTI9,4956,Lates_calcarifer
XP_015221562,1CTI9,11352,Lepisosteus_oculatus
XP_004555709,1CTI9,10866,Maylandia_zebra
XP_006797830,1CTI9,9270,Neolamprologus_brichardi
XP_015815738,1CTI9,9040,Nothobranchius_furzeri
XP_010768234,1CTI9,23995,Notothenia_coriiceps
XP_003444518,1CTI9,8184,Oreochromis_niloticus
XP_004086487,1CTI9,5050,Oryzias_latipes
XP_007547426,1CTI9,11557,Poecilia_formosa
XP_014887999,1CTI9,10831,Poecilia_latipinna
XP_014845438,1CTI9,18458,Poecilia_mexicana
XP_008415941,1CTI9,10998,Poecilia_reticulata
XP_005730590,1CTI9,7982,Pundamilia_nyererei
XP_017540571,1CTI9,30025,Pygocentrus_nattereri
NP_001158856,1CTI9,16371,Salmo_salar
XP_018617890,1CTI9,4327,Scleropages_formosus
XP_016300262,1CTI9,5617,Sinocyclocheilus_anshuiensis
XP_016147402,1CTI9,6094,Sinocyclocheilus_grahami
XP_016409445,1CTI9,6415,Sinocyclocheilus_rhinocerous
XP_008301018,1CTI9,11921,Stegastes_partitus
XP_003975114,1CTI9,4586,Takifugu_rubripes
XP_005813296,1CTI9,9244,Xiphophorus_maculatus
XP_014939137,1CTI9,34908,Acinonyx_jubatus
XP_011218502,1CTI9,32205,Ailuropoda_melanoleuca
XP_012320380,1CTI9,41475,Aotus_nancymaae
XP_007171285,1CTI9,35221,Balaenoptera_acutorostrata
XP_010827050,1CTI9,31034,Bison_bison
XP_005887568,1CTI9,31297,Bos_mutus
NP_001015524,1CTI9,30860,Bos_taurus
XP_006069909,1CTI9,30799,Bubalus_bubalis
XP_009007132,1CTI9,44330,Callithrix_jacchus
XP_010949613,1CTI9,32866,Camelus_bactrianus
XP_010990592,1CTI9,31258,Camelus_dromedarius
XP_014409663,1CTI9,32990,Camelus_ferus
XP_013963490,1CTI9,34164,Canis_lupus
XP_017916490,1CTI9,31433,Capra_hircus
XP_008067368,1CTI9,39237,Carlito_syrichta
XP_003478372,1CTI9,35795,Cavia_porcellus
XP_017355134,1CTI9,42881,Cebus_capucinus
XP_014642489,1CTI9,33927,Ceratotherium_simum
XP_011893169,1CTI9,45069,Cercocebus_atys
XP_005396282,1CTI9,37649,Chinchilla_lanigera
XP_007973545,1CTI9,45217,Chlorocebus_sabaeus
XP_006869291,1CTI9,40033,Chrysochloris_asiatica
XP_011813071,1CTI9,46253,Colobus_angolensis
XP_004690949,1CTI9,29132,Condylura_cristata
XP_007644033,1CTI9,44077,Cricetulus_griseus
XP_012381921,1CTI9,31659,Dasypus_novemcinctus
XP_012869718,1CTI9,42223,Dipodomys_ordii
XP_004715387,1CTI9,35446,Echinops_telfairi
XP_006894834,1CTI9,38028,Elephantulus_edwardii
XP_008140671,1CTI9,26540,Eptesicus_fuscus
XP_014690567,1CTI9,34125,Equus_asinus
XP_003365506,1CTI9,34134,Equus_caballus
XP_008513892,1CTI9,34209,Equus_przewalskii
XP_016046398,1CTI9,14229,Erinaceus_europaeus
XP_006938634,1CTI9,35650,Felis_catus
XP_010602055,1CTI9,41592,Fukomys_damarensis
XP_008573751,1CTI9,33089,Galeopterus_variegatus
XP_004063304,1CTI9,43448,Gorilla_gorilla
XP_004843476,1CTI9,38239,Heterocephalus_glaber
XP_016884480,1CTI9,43475,Homo_sapiens
XP_005336122,1CTI9,37143,Ictidomys_tridecemlineatus
XP_004664112,1CTI9,42317,Jaculus_jaculus
XP_006739728,1CTI9,32221,Leptonychotes_weddellii
XP_007461243,1CTI9,34709,Lipotes_vexillifer
XP_010597051,1CTI9,37337,Loxodonta_africana
XP_005567700,1CTI9,44826,Macaca_fascicularis
XP_001107066,1CTI9,45016,Macaca_mulatta
XP_011748959,1CTI9,50171,Macaca_nemestrina
XP_017941116,1CTI9,24570,Manacus_vitellinus
XP_011834499,1CTI9,47546,Mandrillus_leucophaeus
XP_017532915,1CTI9,32329,Manis_javanica
XP_015355682,1CTI9,37073,Marmota_marmota
XP_012967933,1CTI9,115629,Mesocricetus_auratus
XP_012619328,1CTI9,36674,Microcebus_murinus
XP_005366196,1CTI9,39990,Microtus_ochrogaster
XP_016054069,1CTI9,32842,Miniopterus_natalensis
XP_007490584,1CTI9,43396,Monodelphis_domestica
NP_083567,1CTI9,42679,Mus_musculus
XP_004766514,1CTI9,34122,Mustela_putorius
XP_014397991,1CTI9,28130,Myotis_brandtii
XP_006762196,1CTI9,38355,Myotis_davidii
XP_014320304,1CTI9,24854,Myotis_lucifugus
XP_008839295,1CTI9,44287,Nannospalax_galili
XP_012363651,1CTI9,55448,Nomascus_leucogenys
XP_004592027,1CTI9,35154,Ochotona_princeps
XP_004628118,1CTI9,36789,Octodon_degus
XP_004400116,1CTI9,33851,Odobenus_rosmarus
XP_012393663,1CTI9,34621,Orcinus_orca
XP_003429503,1CTI9,8276,Ornithorhynchus_anatinus
XP_007946168,1CTI9,38363,Orycteropus_afer
XP_002721213,1CTI9,37560,Oryctolagus_cuniculus
XP_012660741,1CTI9,39746,Otolemur_garnettii
XP_014957191,1CTI9,31850,Ovis_aries
XP_003812053,1CTI9,42614,Pan_paniscus
XP_016794423,1CTI9,43287,Pan_troglodytes
XP_007082666,1CTI9,35673,Panthera_tigris
XP_005961301,1CTI9,32024,Pantholops_hodgsonii
XP_017800704,1CTI9,44931,Papio_anubis
XP_015847219,1CTI9,44314,Peromyscus_maniculatus
XP_007128703,1CTI9,36438,Physeter_catodon
XP_002831042,1CTI9,44594,Pongo_abelii
XP_012499590,1CTI9,35699,Propithecus_coquereli
XP_006904959,1CTI9,31915,Pteropus_alecto
XP_011371650,1CTI9,33646,Pteropus_vampyrus
NP_001102561,1CTI9,36837,Rattus_norvegicus
XP_017711102,1CTI9,45422,Rhinopithecus_bieti
XP_010357775,1CTI9,45476,Rhinopithecus_roxellana
XP_016019830,1CTI9,31724,Rousettus_aegyptiacus
XP_003938512,1CTI9,42871,Saimiri_boliviensis
XP_012398045,1CTI9,19709,Sarcophilus_harrisii
XP_004615593,1CTI9,39586,Sorex_araneus
XP_013838485,1CTI9,39160,Sus_scrofa
XP_004378982,1CTI9,38524,Trichechus_manatus
XP_006147972,1CTI9,58789,Tupaia_chinensis
XP_004332709,1CTI9,33025,Tursiops_truncatus
XP_008684946,1CTI9,32486,Ursus_maritimus
XP_015102840,1CTI9,32975,Vicugna_pacos
XP_006268995,1CTI9,32849,Alligator_mississippiensis
XP_014381597,1CTI9,32544,Alligator_sinensis
XP_008123716,1CTI9,3143,Anolis_carolinensis
XP_007900497,1CTI9,14622,Callorhinchus_milii
XP_007068555,1CTI9,42484,Chelonia_mydas
XP_005278899,1CTI9,52006,Chrysemys_picta
XP_015280803,1CTI9,36554,Gekko_japonicus
XP_006014323,1CTI9,9588,Latimeria_chalumnae
XP_018411025,1CTI9,40982,Nanorana_parkeri
XP_006133266,1CTI9,26274,Pelodiscus_sinensis
XP_015672922,1CTI9,10957,Protobothrops_mucrosquamatus
XP_007434852,1CTI9,31822,Python_bivittatus
XP_013929016,1CTI9,13501,Thamnophis_sirtalis
XP_018089442,1CTI9,21771,Xenopus_laevis
NP_001016871,1CTI9,19027,Xenopus_tropicalis
XP_009082477,1CYBB,34627,Acanthisitta_chloris
XP_012948760,1CYBB,43083,Anas_platyrhynchos
XP_013049558,1CYBB,57943,Anser_cygnoides
XP_009863215,1CYBB,24990,Apaloderma_vittatum
XP_009275745,1CYBB,46977,Aptenodytes_forsteri
XP_013814935,1CYBB,55462,Apteryx_australis
XP_011586484,1CYBB,60797,Aquila_chrysaetos
XP_010305968,1CYBB,44820,Balearica_regulorum
XP_010135181,1CYBB,35974,Buceros_rhinoceros
XP_014792667,1CYBB,87284,Calidris_pugnax
XP_008497184,1CYBB,39382,Calypte_anna
XP_010164157,1CYBB,44124,Caprimulgus_carolinensis
XP_009694264,1CYBB,46013,Cariama_cristata
XP_009997801,1CYBB,50232,Chaetura_pelagica
XP_009893924,1CYBB,44736,Charadrius_vociferus
XP_010126858,1CYBB,11131,Chlamydotis_macqueenii
XP_010205425,1CYBB,13394,Colius_striatus
XP_013227385,1CYBB,45793,Columba_livia
XP_017597664,1CYBB,42581,Corvus_brachyrhynchos
XP_010406905,1CYBB,42420,Corvus_cornix
XP_015719959,1CYBB,43556,Coturnix_japonica
XP_009568273,1CYBB,42631,Cuculus_canorus
XP_009645851,1CYBB,45555,Egretta_garzetta
XP_010158509,1CYBB,15841,Eurypyga_helias
XP_005447003,1CYBB,44291,Falco_cherrug
XP_005241943,1CYBB,44264,Falco_peregrinus
XP_005046973,1CYBB,42838,Ficedula_albicollis
XP_009582854,1CYBB,15942,Fulmarus_glacialis
XP_015142685,1CYBB,53788,Gallus_gallus
XP_009817925,1CYBB,15996,Gavia_stellata
XP_005419538,1CYBB,42239,Geospiza_fortis
XP_009910704,1CYBB,46580,Haliaeetus_albicilla
XP_010578482,1CYBB,61143,Haliaeetus_leucocephalus
XP_017665086,1CYBB,55401,Lepidothrix_coronata
XP_009958037,1CYBB,45470,Leptosomus_discolor
XP_010709704,1CYBB,15869,Meleagris_gallopavo
XP_005154242,1CYBB,62153,Melopsittacus_undulatus
XP_008941169,1CYBB,10541,Merops_nubicus
XP_010183892,1CYBB,14592,Mesitornis_unicolor
XP_010013778,1CYBB,34487,Nestor_notabilis
XP_009471111,1CYBB,45742,Nipponia_nippon
XP_009933606,1CYBB,15869,Opisthocomus_hoazin
XP_015485867,1CYBB,53078,Parus_major
XP_009482194,1CYBB,15853,Pelecanus_crispus
XP_010280975,1CYBB,46572,Phaethon_lepturus
XP_009512936,1CYBB,34463,Phalacrocorax_carbo
XP_009901923,1CYBB,65197,Picoides_pubescens
XP_005522460,1CYBB,53094,Pseudopodoces_humilis
XP_010078449,1CYBB,44756,Pterocles_gutturalis
XP_009327960,1CYBB,47296,Pygoscelis_adeliae
XP_009100392,1CYBB,41066,Serinus_canaria
XP_009681111,1CYBB,48499,Struthio_camelus
XP_014729015,1CYBB,54553,Sturnus_vulgaris
XP_012429310,1CYBB,54580,Taeniopygia_guttata
XP_009979846,1CYBB,43190,Tauraco_erythrolophus
XP_010223832,1CYBB,37575,Tinamus_guttatus
XP_009972224,1CYBB,46081,Tyto_alba
XP_005480193,1CYBB,53844,Zonotrichia_albicollis
XP_015458987,1CYBB,16665,Astyanax_mexicanus
XP_013872442,1CYBB,18008,Austrofundulus_limnaeus
XP_012670231,1CYBB,13921,Clupea_harengus
XP_008308375,1CYBB,13480,Cynoglossus_semilaevis
XP_015253058,1CYBB,15568,Cyprinodon_variegatus
XP_698025,1CYBB,52370,Danio_rerio
XP_010894213,1CYBB,19228,Esox_lucius
XP_012709679,1CYBB,20424,Fundulus_heteroclitus
XP_005930863,1CYBB,25762,Haplochromis_burtoni
XP_017314083,1CYBB,26488,Ictalurus_punctatus
XP_017269789,1CYBB,18380,Kryptolebias_marmoratus
XP_010737864,1CYBB,16229,Larimichthys_crocea
XP_018538870,1CYBB,15344,Lates_calcarifer
XP_015193805,1CYBB,27287,Lepisosteus_oculatus
XP_004558126,1CYBB,26852,Maylandia_zebra
XP_006793847,1CYBB,24640,Neolamprologus_brichardi
XP_015811897,1CYBB,36312,Nothobranchius_furzeri
XP_010773287,1CYBB,24978,Notothenia_coriiceps
XP_003450825,1CYBB,16892,Oreochromis_niloticus
XP_004066981,1CYBB,25194,Oryzias_latipes
XP_016517535,1CYBB,15987,Poecilia_formosa
XP_014916487,1CYBB,19629,Poecilia_latipinna
XP_014826345,1CYBB,17383,Poecilia_mexicana
XP_008403912,1CYBB,14608,Poecilia_reticulata
XP_005749682,1CYBB,25802,Pundamilia_nyererei
XP_017567092,1CYBB,19699,Pygocentrus_nattereri
XP_014032003,1CYBB,37777,Salmo_salar
XP_018620996,1CYBB,15288,Scleropages_formosus
XP_016350729,1CYBB,18232,Sinocyclocheilus_anshuiensis
XP_016147843,1CYBB,24278,Sinocyclocheilus_grahami
XP_016396466,1CYBB,18636,Sinocyclocheilus_rhinocerous
XP_008286108,1CYBB,17384,Stegastes_partitus
XP_011608201,1CYBB,10104,Takifugu_rubripes
XP_014328808,1CYBB,14554,Xiphophorus_maculatus
XP_014931190,1CYBB,100823,Acinonyx_jubatus
XP_011234180,1CYBB,114635,Ailuropoda_melanoleuca
XP_012307811,1CYBB,141947,Aotus_nancymaae
XP_007181160,1CYBB,150280,Balaenoptera_acutorostrata
XP_010854587,1CYBB,127664,Bison_bison
XP_014336991,1CYBB,91984,Bos_mutus
XP_015330371,1CYBB,125937,Bos_taurus
XP_006067285,1CYBB,100837,Bubalus_bubalis
XP_009006209,1CYBB,134606,Callithrix_jacchus
XP_010962958,1CYBB,81378,Camelus_bactrianus
XP_010998903,1CYBB,100993,Camelus_dromedarius
XP_014423308,1CYBB,81625,Camelus_ferus
XP_005631153,1CYBB,115512,Canis_lupus
XP_013825329,1CYBB,124545,Capra_hircus
XP_008070083,1CYBB,144526,Carlito_syrichta
XP_005001616,1CYBB,97470,Cavia_porcellus
XP_017384901,1CYBB,140991,Cebus_capucinus
XP_004436938,1CYBB,116710,Ceratotherium_simum
XP_011917697,1CYBB,137698,Cercocebus_atys
XP_013369571,1CYBB,98798,Chinchilla_lanigera
XP_007999413,1CYBB,142802,Chlorocebus_sabaeus
XP_006865090,1CYBB,140533,Chrysochloris_asiatica
XP_011818651,1CYBB,145252,Colobus_angolensis
XP_004682949,1CYBB,80741,Condylura_cristata
XP_003507820,1CYBB,105023,Cricetulus_griseus
XP_004476315,1CYBB,164845,Dasypus_novemcinctus
XP_012885476,1CYBB,78514,Dipodomys_ordii
XP_004708367,1CYBB,90868,Echinops_telfairi
XP_006896816,1CYBB,135790,Elephantulus_edwardii
XP_008145008,1CYBB,83407,Eptesicus_fuscus
XP_014716722,1CYBB,108372,Equus_asinus
XP_014584915,1CYBB,114053,Equus_caballus
XP_008526602,1CYBB,107517,Equus_przewalskii
XP_007537852,1CYBB,134881,Erinaceus_europaeus
XP_006937274,1CYBB,125346,Felis_catus
XP_010610835,1CYBB,75492,Fukomys_damarensis
XP_008574030,1CYBB,130293,Galeopterus_variegatus
XP_018892285,1CYBB,136601,Gorilla_gorilla
XP_004852057,1CYBB,104141,Heterocephalus_glaber
XP_005253073,1CYBB,134950,Homo_sapiens
XP_005330099,1CYBB,107054,Ictidomys_tridecemlineatus
XP_004663392,1CYBB,172569,Jaculus_jaculus
XP_006728857,1CYBB,134154,Leptonychotes_weddellii
XP_007455872,1CYBB,156969,Lipotes_vexillifer
XP_010590420,1CYBB,122296,Loxodonta_africana
XP_005578202,1CYBB,138327,Macaca_fascicularis
XP_014969910,1CYBB,146694,Macaca_mulatta
XP_011722450,1CYBB,155914,Macaca_nemestrina
XP_017937870,1CYBB,40807,Manacus_vitellinus
XP_011856730,1CYBB,147317,Mandrillus_leucophaeus
XP_017525064,1CYBB,56182,Manis_javanica
XP_015333281,1CYBB,109390,Marmota_marmota
XP_005064943,1CYBB,107529,Mesocricetus_auratus
XP_012646099,1CYBB,123579,Microcebus_murinus
XP_005364173,1CYBB,114763,Microtus_ochrogaster
XP_016053138,1CYBB,77736,Miniopterus_natalensis
XP_007497401,1CYBB,122389,Monodelphis_domestica
NP_898929,1CYBB,104930,Mus_musculus
XP_012917198,1CYBB,116622,Mustela_putorius
XP_005870797,1CYBB,73163,Myotis_brandtii
XP_015424978,1CYBB,75837,Myotis_davidii
XP_014319108,1CYBB,62807,Myotis_lucifugus
XP_008847150,1CYBB,143152,Nannospalax_galili
XP_004090753,1CYBB,141845,Nomascus_leucogenys
XP_004585653,1CYBB,125706,Ochotona_princeps
XP_004627085,1CYBB,107956,Octodon_degus
XP_004399650,1CYBB,113904,Odobenus_rosmarus
XP_004264072,1CYBB,158929,Orcinus_orca
XP_001509601,1CYBB,70864,Ornithorhynchus_anatinus
XP_007944703,1CYBB,152426,Orycteropus_afer
XP_002709109,1CYBB,146601,Oryctolagus_cuniculus
XP_003781290,1CYBB,126382,Otolemur_garnettii
XP_011951651,1CYBB,124647,Ovis_aries
XP_014202271,1CYBB,66278,Pan_paniscus
XP_009458532,1CYBB,134818,Pan_troglodytes
XP_007082158,1CYBB,100962,Panthera_tigris
XP_005974982,1CYBB,126855,Pantholops_hodgsonii
XP_003910057,1CYBB,141200,Papio_anubis
XP_006982551,1CYBB,104633,Peromyscus_maniculatus
XP_007126465,1CYBB,150313,Physeter_catodon
XP_002821904,1CYBB,144684,Pongo_abelii
XP_012510774,1CYBB,137049,Propithecus_coquereli
XP_006908109,1CYBB,89490,Pteropus_alecto
XP_011355146,1CYBB,94826,Pteropus_vampyrus
NP_001101222,1CYBB,106842,Rattus_norvegicus
XP_017713583,1CYBB,154066,Rhinopithecus_bieti
XP_010376364,1CYBB,147589,Rhinopithecus_roxellana
XP_016002328,1CYBB,84620,Rousettus_aegyptiacus
XP_003920058,1CYBB,140102,Saimiri_boliviensis
XP_012408033,1CYBB,81563,Sarcophilus_harrisii
XP_004607977,1CYBB,90953,Sorex_araneus
XP_005661040,1CYBB,92140,Sus_scrofa
XP_004369872,1CYBB,133805,Trichechus_manatus
XP_006159191,1CYBB,165561,Tupaia_chinensis
XP_004326000,1CYBB,46501,Tursiops_truncatus
XP_008699328,1CYBB,97710,Ursus_maritimus
XP_006212390,1CYBB,101681,Vicugna_pacos
XP_006258360,1CYBB,106560,Alligator_mississippiensis
XP_006034149,1CYBB,105082,Alligator_sinensis
XP_008103929,1CYBB,84950,Anolis_carolinensis
XP_007885840,1CYBB,25577,Callorhinchus_milii
XP_007061331,1CYBB,85461,Chelonia_mydas
XP_005286809,1CYBB,85879,Chrysemys_picta
XP_015266823,1CYBB,81610,Gekko_japonicus
XP_005987023,1CYBB,71253,Latimeria_chalumnae
XP_018410997,1CYBB,62110,Nanorana_parkeri
XP_014429737,1CYBB,80846,Pelodiscus_sinensis
XP_015673949,1CYBB,43258,Protobothrops_mucrosquamatus
XP_007440139,1CYBB,65097,Python_bivittatus
XP_013920416,1CYBB,40148,Thamnophis_sirtalis
XP_018115776,1CYBB,22624,Xenopus_laevis
XP_012817550,1CYBB,28201,Xenopus_tropicalis
XP_013056149,1D0EM,5594,Anser_cygnoides
XP_009278732,1D0EM,12097,Aptenodytes_forsteri
XP_013806516,1D0EM,9599,Apteryx_australis
XP_011594994,1D0EM,7136,Aquila_chrysaetos
XP_010311296,1D0EM,3294,Balearica_regulorum
XP_010132815,1D0EM,5314,Buceros_rhinoceros
XP_014808186,1D0EM,8521,Calidris_pugnax
XP_008502789,1D0EM,17124,Calypte_anna
XP_009698374,1D0EM,6304,Cariama_cristata
XP_009992598,1D0EM,24304,Chaetura_pelagica
XP_009881347,1D0EM,13535,Charadrius_vociferus
XP_010193508,1D0EM,5539,Colius_striatus
XP_013225424,1D0EM,8853,Columba_livia
XP_008635524,1D0EM,6685,Corvus_brachyrhynchos
XP_010389524,1D0EM,6791,Corvus_cornix
XP_015728854,1D0EM,6161,Coturnix_japonica
XP_009555994,1D0EM,7103,Cuculus_canorus
XP_009645192,1D0EM,5959,Egretta_garzetta
XP_014141232,1D0EM,7898,Falco_cherrug
XP_013156245,1D0EM,7939,Falco_peregrinus
XP_005052231,1D0EM,6162,Ficedula_albicollis
XP_009580743,1D0EM,6835,Fulmarus_glacialis
XP_015147605,1D0EM,6651,Gallus_gallus
XP_009816481,1D0EM,5013,Gavia_stellata
XP_005424374,1D0EM,16350,Geospiza_fortis
XP_009927989,1D0EM,4893,Haliaeetus_albicilla
XP_010570487,1D0EM,14541,Haliaeetus_leucocephalus
XP_017691697,1D0EM,7029,Lepidothrix_coronata
XP_010716006,1D0EM,5966,Meleagris_gallopavo
XP_005140538,1D0EM,1446,Melopsittacus_undulatus
XP_010010994,1D0EM,4278,Nestor_notabilis
XP_009468460,1D0EM,5797,Nipponia_nippon
XP_009933730,1D0EM,8970,Opisthocomus_hoazin
XP_015494276,1D0EM,7087,Parus_major
XP_009491800,1D0EM,3964,Pelecanus_crispus
XP_010290700,1D0EM,6553,Phaethon_lepturus
XP_009502854,1D0EM,2268,Phalacrocorax_carbo
XP_009895607,1D0EM,7658,Picoides_pubescens
XP_005521743,1D0EM,7206,Pseudopodoces_humilis
XP_009319773,1D0EM,14703,Pygoscelis_adeliae
XP_009088325,1D0EM,6671,Serinus_canaria
XP_009683876,1D0EM,8329,Struthio_camelus
XP_014743336,1D0EM,6992,Sturnus_vulgaris
XP_012424161,1D0EM,444,Taeniopygia_guttata
XP_009984492,1D0EM,5044,Tauraco_erythrolophus
XP_015458990,1D0EM,7371,Astyanax_mexicanus
XP_013876885,1D0EM,12935,Austrofundulus_limnaeus
XP_012692034,1D0EM,5981,Clupea_harengus
XP_008335317,1D0EM,4766,Cynoglossus_semilaevis
XP_015240315,1D0EM,13404,Cyprinodon_variegatus
NP_001014370,1D0EM,18234,Danio_rerio
XP_010875778,1D0EM,7680,Esox_lucius
XP_012736215,1D0EM,12523,Fundulus_heteroclitus
XP_005937985,1D0EM,10022,Haplochromis_burtoni
XP_017314277,1D0EM,9647,Ictalurus_punctatus
XP_017290489,1D0EM,13784,Kryptolebias_marmoratus
XP_010736131,1D0EM,8901,Larimichthys_crocea
XP_018548396,1D0EM,7231,Lates_calcarifer
XP_015198768,1D0EM,10774,Lepisosteus_oculatus
XP_012778762,1D0EM,9186,Maylandia_zebra
XP_006804537,1D0EM,10623,Neolamprologus_brichardi
XP_015809445,1D0EM,11435,Nothobranchius_furzeri
XP_010785227,1D0EM,7381,Notothenia_coriiceps
XP_003456949,1D0EM,8782,Oreochromis_niloticus
XP_004084888,1D0EM,14349,Oryzias_latipes
XP_007558901,1D0EM,7941,Poecilia_formosa
XP_014915744,1D0EM,8011,Poecilia_latipinna
XP_014867157,1D0EM,7922,Poecilia_mexicana
XP_008404254,1D0EM,7204,Poecilia_reticulata
XP_005746749,1D0EM,9086,Pundamilia_nyererei
XP_017567093,1D0EM,12046,Pygocentrus_nattereri
XP_014031756,1D0EM,9528,Salmo_salar
XP_018618886,1D0EM,6353,Scleropages_formosus
XP_016350725,1D0EM,5568,Sinocyclocheilus_anshuiensis
XP_016147847,1D0EM,8601,Sinocyclocheilus_grahami
XP_016430616,1D0EM,5795,Sinocyclocheilus_rhinocerous
XP_008302143,1D0EM,9491,Stegastes_partitus
XP_003969797,1D0EM,4778,Takifugu_rubripes
XP_005808149,1D0EM,8597,Xiphophorus_maculatus
XP_014917501,1D0EM,16299,Acinonyx_jubatus
XP_002919827,1D0EM,17989,Ailuropoda_melanoleuca
XP_012319210,1D0EM,28481,Aotus_nancymaae
XP_007194384,1D0EM,21508,Balaenoptera_acutorostrata
XP_010839349,1D0EM,25239,Bison_bison
XP_005895218,1D0EM,26130,Bos_mutus
XP_015314670,1D0EM,24682,Bos_taurus
XP_006058302,1D0EM,20695,Bubalus_bubalis
XP_002749154,1D0EM,28501,Callithrix_jacchus
XP_010953388,1D0EM,16358,Camelus_bactrianus
XP_010985066,1D0EM,16359,Camelus_dromedarius
XP_006192648,1D0EM,16362,Camelus_ferus
XP_536197,1D0EM,18954,Canis_lupus
XP_005695040,1D0EM,24993,Capra_hircus
XP_008070224,1D0EM,20484,Carlito_syrichta
XP_003475284,1D0EM,16640,Cavia_porcellus
XP_017373302,1D0EM,21826,Cebus_capucinus
XP_004432015,1D0EM,17997,Ceratotherium_simum
XP_011948596,1D0EM,24065,Cercocebus_atys
XP_005381573,1D0EM,20595,Chinchilla_lanigera
XP_007988602,1D0EM,23879,Chlorocebus_sabaeus
XP_006867197,1D0EM,21748,Chrysochloris_asiatica
XP_011803670,1D0EM,24934,Colobus_angolensis
XP_004693164,1D0EM,10077,Condylura_cristata
XP_007652588,1D0EM,24187,Cricetulus_griseus
XP_004479712,1D0EM,20760,Dasypus_novemcinctus
XP_012867585,1D0EM,12995,Dipodomys_ordii
XP_004708156,1D0EM,22766,Echinops_telfairi
XP_006885225,1D0EM,27881,Elephantulus_edwardii
XP_008159618,1D0EM,42850,Eptesicus_fuscus
XP_014698075,1D0EM,17642,Equus_asinus
XP_014589503,1D0EM,12024,Equus_caballus
XP_008529977,1D0EM,17625,Equus_przewalskii
XP_007540049,1D0EM,24460,Erinaceus_europaeus
XP_006932315,1D0EM,17214,Felis_catus
XP_010619386,1D0EM,18412,Fukomys_damarensis
XP_008562432,1D0EM,18335,Galeopterus_variegatus
XP_018866414,1D0EM,24106,Gorilla_gorilla
XP_004852854,1D0EM,19190,Heterocephalus_glaber
NP_061138,1D0EM,23275,Homo_sapiens
XP_005320209,1D0EM,23289,Ictidomys_tridecemlineatus
XP_004658151,1D0EM,29667,Jaculus_jaculus
XP_006748975,1D0EM,17998,Leptonychotes_weddellii
XP_007470598,1D0EM,19088,Lipotes_vexillifer
XP_003413932,1D0EM,17872,Loxodonta_africana
XP_005560593,1D0EM,24721,Macaca_fascicularis
XP_014998534,1D0EM,24112,Macaca_mulatta
XP_011750465,1D0EM,24739,Macaca_nemestrina
XP_017924934,1D0EM,5789,Manacus_vitellinus
XP_011833741,1D0EM,23856,Mandrillus_leucophaeus
XP_017500697,1D0EM,17136,Manis_javanica
XP_015348543,1D0EM,21517,Marmota_marmota
XP_005077859,1D0EM,21123,Mesocricetus_auratus
XP_012618752,1D0EM,19453,Microcebus_murinus
XP_005357878,1D0EM,15521,Microtus_ochrogaster
XP_016072631,1D0EM,11050,Miniopterus_natalensis
XP_007479382,1D0EM,20824,Monodelphis_domestica
NP_835171,1D0EM,21211,Mus_musculus
XP_012917426,1D0EM,20437,Mustela_putorius
XP_014405080,1D0EM,22739,Myotis_brandtii
XP_006769650,1D0EM,23896,Myotis_davidii
XP_006108679,1D0EM,18337,Myotis_lucifugus
XP_017658581,1D0EM,29694,Nannospalax_galili
XP_003268566,1D0EM,23210,Nomascus_leucogenys
XP_004577978,1D0EM,20260,Ochotona_princeps
XP_004623362,1D0EM,27477,Octodon_degus
XP_004398345,1D0EM,18375,Odobenus_rosmarus
XP_004278316,1D0EM,18705,Orcinus_orca
XP_007943347,1D0EM,27338,Orycteropus_afer
XP_017193042,1D0EM,22827,Oryctolagus_cuniculus
XP_012669030,1D0EM,20787,Otolemur_garnettii
XP_011953864,1D0EM,25159,Ovis_aries
XP_003807752,1D0EM,23562,Pan_paniscus
XP_510601,1D0EM,23136,Pan_troglodytes
XP_007078284,1D0EM,16532,Panthera_tigris
XP_005977227,1D0EM,25277,Pantholops_hodgsonii
XP_003919445,1D0EM,24016,Papio_anubis
XP_006970065,1D0EM,19977,Peromyscus_maniculatus
XP_007108417,1D0EM,19094,Physeter_catodon
XP_009248447,1D0EM,18541,Pongo_abelii
XP_012499138,1D0EM,25697,Propithecus_coquereli
XP_015448902,1D0EM,16884,Pteropus_alecto
XP_011377984,1D0EM,14754,Pteropus_vampyrus
NP_071622,1D0EM,22395,Rattus_norvegicus
XP_017710509,1D0EM,24232,Rhinopithecus_bieti
XP_010383103,1D0EM,23184,Rhinopithecus_roxellana
XP_016007028,1D0EM,15460,Rousettus_aegyptiacus
XP_003921655,1D0EM,27451,Saimiri_boliviensis
XP_003755567,1D0EM,20676,Sarcophilus_harrisii
XP_004617565,1D0EM,8463,Sorex_araneus
XP_004370693,1D0EM,17912,Trichechus_manatus
XP_006152880,1D0EM,22872,Tupaia_chinensis
XP_004321508,1D0EM,19493,Tursiops_truncatus
XP_008686013,1D0EM,17072,Ursus_maritimus
XP_006198502,1D0EM,16337,Vicugna_pacos
XP_014460861,1D0EM,8688,Alligator_mississippiensis
XP_014378750,1D0EM,10905,Alligator_sinensis
XP_016853769,1D0EM,11446,Anolis_carolinensis
XP_007906717,1D0EM,11293,Callorhinchus_milii
XP_007059585,1D0EM,11453,Chelonia_mydas
XP_005300710,1D0EM,10034,Chrysemys_picta
XP_015284243,1D0EM,11226,Gekko_japonicus
XP_005989820,1D0EM,29152,Latimeria_chalumnae
XP_018427116,1D0EM,28367,Nanorana_parkeri
XP_015674074,1D0EM,6326,Protobothrops_mucrosquamatus
XP_007433692,1D0EM,10575,Python_bivittatus
XP_013929895,1D0EM,9610,Thamnophis_sirtalis
XP_018108667,1D0EM,24113,Xenopus_laevis
NP_001096504,1D0EM,22751,Xenopus_tropicalis
XP_009080982,1D1CF,14200,Acanthisitta_chloris
XP_012960276,1D1CF,18565,Anas_platyrhynchos
XP_013047364,1D1CF,24524,Anser_cygnoides
XP_009868636,1D1CF,18984,Apaloderma_vittatum
XP_009272968,1D1CF,19200,Aptenodytes_forsteri
XP_013810388,1D1CF,30791,Apteryx_australis
XP_011593713,1D1CF,19283,Aquila_chrysaetos
XP_010301649,1D1CF,17545,Balearica_regulorum
XP_010131122,1D1CF,18511,Buceros_rhinoceros
XP_014808964,1D1CF,23351,Calidris_pugnax
XP_008497272,1D1CF,18453,Calypte_anna
XP_010169345,1D1CF,17674,Caprimulgus_carolinensis
XP_009706011,1D1CF,19262,Cariama_cristata
XP_010006910,1D1CF,16512,Chaetura_pelagica
XP_009889590,1D1CF,20511,Charadrius_vociferus
XP_010119428,1D1CF,18206,Chlamydotis_macqueenii
XP_010193659,1D1CF,7123,Colius_striatus
XP_005507198,1D1CF,18780,Columba_livia
XP_017587858,1D1CF,17061,Corvus_brachyrhynchos
XP_010388253,1D1CF,17084,Corvus_cornix
XP_009567679,1D1CF,18146,Cuculus_canorus
XP_009637648,1D1CF,19441,Egretta_garzetta
XP_010147565,1D1CF,16795,Eurypyga_helias
XP_005444291,1D1CF,20118,Falco_cherrug
XP_005234635,1D1CF,20190,Falco_peregrinus
XP_005053020,1D1CF,16915,Ficedula_albicollis
XP_009580280,1D1CF,18986,Fulmarus_glacialis
XP_009807090,1D1CF,19271,Gavia_stellata
XP_005422477,1D1CF,17008,Geospiza_fortis
XP_009913578,1D1CF,15369,Haliaeetus_albicilla
XP_010559938,1D1CF,19292,Haliaeetus_leucocephalus
XP_017675398,1D1CF,16642,Lepidothrix_coronata
XP_009944753,1D1CF,19106,Leptosomus_discolor
XP_005142322,1D1CF,17001,Melopsittacus_undulatus
XP_008942939,1D1CF,16224,Merops_nubicus
XP_010188724,1D1CF,13271,Mesitornis_unicolor
XP_010009686,1D1CF,18767,Nestor_notabilis
XP_009458921,1D1CF,19758,Nipponia_nippon
XP_009940778,1D1CF,19222,Opisthocomus_hoazin
XP_015496635,1D1CF,17004,Parus_major
XP_009486108,1D1CF,7387,Pelecanus_crispus
XP_010284264,1D1CF,19099,Phaethon_lepturus
XP_009510920,1D1CF,19630,Phalacrocorax_carbo
XP_009899008,1D1CF,22440,Picoides_pubescens
XP_014107091,1D1CF,17021,Pseudopodoces_humilis
XP_010073205,1D1CF,13982,Pterocles_gutturalis
XP_009320129,1D1CF,20152,Pygoscelis_adeliae
XP_018770544,1D1CF,16988,Serinus_canaria
XP_009677678,1D1CF,17888,Struthio_camelus
XP_014725151,1D1CF,16964,Sturnus_vulgaris
XP_012427562,1D1CF,17032,Taeniopygia_guttata
XP_009987309,1D1CF,19395,Tauraco_erythrolophus
XP_010210227,1D1CF,17426,Tinamus_guttatus
XP_009960664,1D1CF,12002,Tyto_alba
XP_005485567,1D1CF,16927,Zonotrichia_albicollis
XP_015462673,1D1CF,78644,Astyanax_mexicanus
XP_013861611,1D1CF,15615,Austrofundulus_limnaeus
XP_012686618,1D1CF,20425,Clupea_harengus
XP_008318020,1D1CF,11024,Cynoglossus_semilaevis
XP_015246052,1D1CF,28363,Cyprinodon_variegatus
XP_017213661,1D1CF,27945,Danio_rerio
XP_012993609,1D1CF,109753,Esox_lucius
XP_012705077,1D1CF,13203,Fundulus_heteroclitus
XP_005952043,1D1CF,6890,Haplochromis_burtoni
XP_017305522,1D1CF,11881,Ictalurus_punctatus
XP_017290962,1D1CF,9305,Kryptolebias_marmoratus
XP_010736995,1D1CF,14696,Larimichthys_crocea
XP_018536973,1D1CF,14773,Lates_calcarifer
XP_015203704,1D1CF,20777,Lepisosteus_oculatus
XP_004548540,1D1CF,12219,Maylandia_zebra
XP_006783553,1D1CF,31976,Neolamprologus_brichardi
XP_015814274,1D1CF,26745,Nothobranchius_furzeri
XP_010793736,1D1CF,9676,Notothenia_coriiceps
XP_013132531,1D1CF,119005,Oreochromis_niloticus
XP_011491713,1D1CF,2162,Oryzias_latipes
XP_007552236,1D1CF,17918,Poecilia_formosa
XP_014884170,1D1CF,27254,Poecilia_latipinna
XP_014854911,1D1CF,24619,Poecilia_mexicana
XP_008407908,1D1CF,17113,Poecilia_reticulata
XP_005741572,1D1CF,11423,Pundamilia_nyererei
XP_017579990,1D1CF,19328,Pygocentrus_nattereri
XP_013987448,1D1CF,28625,Salmo_salar
XP_018606722,1D1CF,11574,Scleropages_formosus
XP_016353457,1D1CF,32316,Sinocyclocheilus_anshuiensis
XP_016122959,1D1CF,16917,Sinocyclocheilus_grahami
XP_016422337,1D1CF,7665,Sinocyclocheilus_rhinocerous
XP_008284537,1D1CF,19813,Stegastes_partitus
XP_011612164,1D1CF,22241,Takifugu_rubripes
XP_005807386,1D1CF,12646,Xiphophorus_maculatus
XP_014940726,1D1CF,15969,Acinonyx_jubatus
XP_011222923,1D1CF,15610,Ailuropoda_melanoleuca
XP_012316136,1D1CF,17648,Aotus_nancymaae
XP_007174827,1D1CF,18724,Balaenoptera_acutorostrata
XP_010850004,1D1CF,14860,Bison_bison
XP_005896545,1D1CF,15012,Bos_mutus
NP_001015590,1D1CF,14825,Bos_taurus
XP_006050307,1D1CF,14834,Bubalus_bubalis
XP_008980055,1D1CF,18115,Callithrix_jacchus
XP_010967349,1D1CF,17279,Camelus_bactrianus
XP_010983394,1D1CF,17302,Camelus_dromedarius
XP_014419547,1D1CF,14884,Camelus_ferus
XP_005642305,1D1CF,15257,Canis_lupus
XP_005695913,1D1CF,14816,Capra_hircus
XP_008053179,1D1CF,15878,Carlito_syrichta
XP_003480146,1D1CF,15295,Cavia_porcellus
XP_017392118,1D1CF,17837,Cebus_capucinus
XP_014643979,1D1CF,18603,Ceratotherium_simum
XP_011914858,1D1CF,17800,Cercocebus_atys
XP_005387411,1D1CF,15646,Chinchilla_lanigera
XP_007982749,1D1CF,17941,Chlorocebus_sabaeus
XP_006876120,1D1CF,17679,Chrysochloris_asiatica
XP_011813628,1D1CF,17796,Colobus_angolensis
XP_012590620,1D1CF,15213,Condylura_cristata
XP_016827835,1D1CF,16651,Cricetulus_griseus
XP_012382982,1D1CF,17458,Dasypus_novemcinctus
XP_012886231,1D1CF,20090,Dipodomys_ordii
XP_004715332,1D1CF,13276,Echinops_telfairi
XP_006892353,1D1CF,16778,Elephantulus_edwardii
XP_014682051,1D1CF,18464,Equus_asinus
XP_005600608,1D1CF,18429,Equus_caballus
XP_008511354,1D1CF,18520,Equus_przewalskii
XP_016041945,1D1CF,19198,Erinaceus_europaeus
XP_011277833,1D1CF,16022,Felis_catus
XP_010641379,1D1CF,13052,Fukomys_damarensis
XP_008578306,1D1CF,17004,Galeopterus_variegatus
XP_018879180,1D1CF,17355,Gorilla_gorilla
XP_004864418,1D1CF,13629,Heterocephalus_glaber
NP_002209,1D1CF,17222,Homo_sapiens
XP_005317252,1D1CF,15962,Ictidomys_tridecemlineatus
XP_012804830,1D1CF,17882,Jaculus_jaculus
XP_006744025,1D1CF,14502,Leptonychotes_weddellii
XP_007451952,1D1CF,15184,Lipotes_vexillifer
XP_010588412,1D1CF,21684,Loxodonta_africana
XP_005547434,1D1CF,17795,Macaca_fascicularis
XP_014986190,1D1CF,17798,Macaca_mulatta
XP_011737926,1D1CF,17764,Macaca_nemestrina
XP_017924065,1D1CF,16375,Manacus_vitellinus
XP_011841584,1D1CF,17823,Mandrillus_leucophaeus
XP_017533850,1D1CF,13139,Manis_javanica
XP_015349926,1D1CF,16310,Marmota_marmota
XP_012980044,1D1CF,16587,Mesocricetus_auratus
XP_012627021,1D1CF,15403,Microcebus_murinus
XP_005348803,1D1CF,18075,Microtus_ochrogaster
XP_016065717,1D1CF,16501,Miniopterus_natalensis
XP_007500535,1D1CF,26501,Monodelphis_domestica
NP_061216,1D1CF,15176,Mus_musculus
XP_012908263,1D1CF,15503,Mustela_putorius
XP_014398420,1D1CF,38760,Myotis_brandtii
XP_006777516,1D1CF,416,Myotis_davidii
XP_014313118,1D1CF,13542,Myotis_lucifugus
XP_017658353,1D1CF,16885,Nannospalax_galili
XP_003257239,1D1CF,19909,Nomascus_leucogenys
XP_012781377,1D1CF,12323,Ochotona_princeps
XP_012370279,1D1CF,16307,Octodon_degus
XP_012421713,1D1CF,13483,Odobenus_rosmarus
XP_004268084,1D1CF,14532,Orcinus_orca
XP_007660116,1D1CF,83376,Ornithorhynchus_anatinus
XP_007950284,1D1CF,16730,Orycteropus_afer
NP_001075478,1D1CF,14587,Oryctolagus_cuniculus
XP_012660422,1D1CF,14940,Otolemur_garnettii
XP_004018440,1D1CF,14647,Ovis_aries
XP_014199728,1D1CF,17371,Pan_paniscus
XP_016796764,1D1CF,17524,Pan_troglodytes
XP_015392949,1D1CF,15946,Panthera_tigris
XP_005959941,1D1CF,14908,Pantholops_hodgsonii
XP_009198825,1D1CF,17805,Papio_anubis
XP_015855581,1D1CF,16494,Peromyscus_maniculatus
XP_007118048,1D1CF,15564,Physeter_catodon
XP_009237190,1D1CF,17761,Pongo_abelii
XP_012521038,1D1CF,15469,Propithecus_coquereli
XP_015449250,1D1CF,16008,Pteropus_alecto
XP_011376700,1D1CF,15890,Pteropus_vampyrus
NP_062242,1D1CF,15010,Rattus_norvegicus
XP_017717962,1D1CF,18129,Rhinopithecus_bieti
XP_010363275,1D1CF,18254,Rhinopithecus_roxellana
XP_015977307,1D1CF,15918,Rousettus_aegyptiacus
XP_010345343,1D1CF,18941,Saimiri_boliviensis
XP_012399416,1D1CF,29037,Sarcophilus_harrisii
XP_004615156,1D1CF,17179,Sorex_araneus
NP_001001537,1D1CF,11493,Sus_scrofa
XP_004368808,1D1CF,23289,Trichechus_manatus
XP_006169363,1D1CF,19170,Tupaia_chinensis
XP_004332048,1D1CF,521,Tursiops_truncatus
XP_008701898,1D1CF,15519,Ursus_maritimus
XP_015091452,1D1CF,15505,Vicugna_pacos
XP_003217701,1D1CF,35239,Anolis_carolinensis
XP_007055669,1D1CF,39989,Chelonia_mydas
XP_008177428,1D1CF,50049,Chrysemys_picta
XP_015262963,1D1CF,70820,Gekko_japonicus
XP_018419894,1D1CF,26206,Nanorana_parkeri
XP_006127644,1D1CF,54191,Pelodiscus_sinensis
XP_015675177,1D1CF,31211,Protobothrops_mucrosquamatus
XP_007436521,1D1CF,29464,Python_bivittatus
XP_013928801,1D1CF,14504,Thamnophis_sirtalis
XP_018115375,1D1CF,45723,Xenopus_laevis
XP_002941978,1D1CF,91374,Xenopus_tropicalis
XP_009083212,1D3F1,1831,Acanthisitta_chloris
XP_005026769,1D3F1,2352,Anas_platyrhynchos
XP_013029292,1D3F1,1225,Anser_cygnoides
XP_009866820,1D3F1,1844,Apaloderma_vittatum
XP_009285820,1D3F1,1894,Aptenodytes_forsteri
XP_013800269,1D3F1,1739,Apteryx_australis
XP_011591128,1D3F1,1870,Aquila_chrysaetos
XP_010305799,1D3F1,1894,Balearica_regulorum
XP_010143823,1D3F1,1836,Buceros_rhinoceros
XP_014817127,1D3F1,1929,Calidris_pugnax
XP_008501039,1D3F1,1813,Calypte_anna
XP_010164801,1D3F1,1388,Caprimulgus_carolinensis
XP_009699538,1D3F1,1894,Cariama_cristata
XP_010003133,1D3F1,1520,Chaetura_pelagica
XP_009886919,1D3F1,1859,Charadrius_vociferus
XP_010116618,1D3F1,1778,Chlamydotis_macqueenii
XP_010204652,1D3F1,1846,Colius_striatus
XP_005503978,1D3F1,1791,Columba_livia
XP_008639846,1D3F1,1842,Corvus_brachyrhynchos
XP_010396364,1D3F1,1841,Corvus_cornix
XP_015733792,1D3F1,1401,Coturnix_japonica
XP_009565202,1D3F1,1853,Cuculus_canorus
XP_009641130,1D3F1,1907,Egretta_garzetta
XP_010156438,1D3F1,1880,Eurypyga_helias
XP_005445397,1D3F1,1875,Falco_cherrug
XP_005233408,1D3F1,1884,Falco_peregrinus
XP_005054911,1D3F1,1947,Ficedula_albicollis
XP_009583945,1D3F1,1774,Fulmarus_glacialis
NP_001138961,1D3F1,1654,Gallus_gallus
XP_009808066,1D3F1,1870,Gavia_stellata
XP_005421537,1D3F1,1867,Geospiza_fortis
XP_009920583,1D3F1,1208,Haliaeetus_albicilla
XP_010573984,1D3F1,1858,Haliaeetus_leucocephalus
XP_017669861,1D3F1,1840,Lepidothrix_coronata
XP_009959702,1D3F1,1852,Leptosomus_discolor
XP_010718783,1D3F1,1557,Meleagris_gallopavo
XP_005147933,1D3F1,1754,Melopsittacus_undulatus
XP_008944917,1D3F1,7301,Merops_nubicus
XP_010179401,1D3F1,1101,Mesitornis_unicolor
XP_010010980,1D3F1,1737,Nestor_notabilis
XP_009462000,1D3F1,1843,Nipponia_nippon
XP_009935059,1D3F1,9447,Opisthocomus_hoazin
XP_015499587,1D3F1,1860,Parus_major
XP_009481518,1D3F1,1881,Pelecanus_crispus
XP_010293789,1D3F1,1880,Phaethon_lepturus
XP_009510430,1D3F1,1141,Phalacrocorax_carbo
XP_009907940,1D3F1,1976,Picoides_pubescens
XP_005524480,1D3F1,1863,Pseudopodoces_humilis
XP_010085649,1D3F1,1880,Pterocles_gutturalis
XP_009329147,1D3F1,1895,Pygoscelis_adeliae
XP_009090548,1D3F1,2049,Serinus_canaria
XP_009685821,1D3F1,1213,Struthio_camelus
XP_014750113,1D3F1,1831,Sturnus_vulgaris
XP_002199575,1D3F1,1824,Taeniopygia_guttata
XP_009986700,1D3F1,1143,Tauraco_erythrolophus
XP_010227007,1D3F1,1656,Tinamus_guttatus
XP_009960751,1D3F1,1134,Tyto_alba
XP_005493519,1D3F1,1867,Zonotrichia_albicollis
XP_007241794,1D3F1,8965,Astyanax_mexicanus
XP_013857934,1D3F1,715,Austrofundulus_limnaeus
XP_012670385,1D3F1,1951,Clupea_harengus
XP_008334840,1D3F1,909,Cynoglossus_semilaevis
XP_015224742,1D3F1,3388,Cyprinodon_variegatus
NP_001107095,1D3F1,7885,Danio_rerio
XP_010875989,1D3F1,1216,Esox_lucius
XP_012722484,1D3F1,2095,Fundulus_heteroclitus
XP_005933341,1D3F1,1674,Haplochromis_burtoni
XP_017345520,1D3F1,2228,Ictalurus_punctatus
XP_017280986,1D3F1,747,Kryptolebias_marmoratus
XP_010740136,1D3F1,859,Larimichthys_crocea
XP_018527247,1D3F1,922,Lates_calcarifer
XP_004558576,1D3F1,1478,Maylandia_zebra
XP_006795723,1D3F1,731,Neolamprologus_brichardi
XP_015831690,1D3F1,720,Nothobranchius_furzeri
XP_003445720,1D3F1,1784,Oreochromis_niloticus
XP_004086621,1D3F1,1781,Oryzias_latipes
XP_007561691,1D3F1,1441,Poecilia_formosa
XP_014890476,1D3F1,1435,Poecilia_latipinna
XP_014848895,1D3F1,1441,Poecilia_mexicana
XP_008422905,1D3F1,1362,Poecilia_reticulata
XP_005733595,1D3F1,1671,Pundamilia_nyererei
XP_017552713,1D3F1,2281,Pygocentrus_nattereri
XP_013984337,1D3F1,2067,Salmo_salar
XP_018604972,1D3F1,5216,Scleropages_formosus
XP_016361156,1D3F1,4610,Sinocyclocheilus_anshuiensis
XP_016092386,1D3F1,2116,Sinocyclocheilus_grahami
XP_016424756,1D3F1,1514,Sinocyclocheilus_rhinocerous
XP_008280025,1D3F1,1099,Stegastes_partitus
XP_003976673,1D3F1,717,Takifugu_rubripes
XP_005799728,1D3F1,1147,Xiphophorus_maculatus
XP_014924000,1D3F1,23036,Acinonyx_jubatus
XP_002930017,1D3F1,6691,Ailuropoda_melanoleuca
XP_012324875,1D3F1,12888,Aotus_nancymaae
XP_007184041,1D3F1,9442,Balaenoptera_acutorostrata
XP_010826925,1D3F1,6603,Bison_bison
XP_005891540,1D3F1,6146,Bos_mutus
NP_777071,1D3F1,16039,Bos_taurus
XP_006053022,1D3F1,7073,Bubalus_bubalis
XP_002753121,1D3F1,8197,Callithrix_jacchus
XP_010967884,1D3F1,6100,Camelus_bactrianus
XP_010993570,1D3F1,6099,Camelus_dromedarius
XP_006178173,1D3F1,6100,Camelus_ferus
NP_001003320,1D3F1,8626,Canis_lupus
XP_005691621,1D3F1,6168,Capra_hircus
XP_008067486,1D3F1,11380,Carlito_syrichta
XP_003477984,1D3F1,5925,Cavia_porcellus
XP_017365687,1D3F1,7216,Cebus_capucinus
XP_004429973,1D3F1,6570,Ceratotherium_simum
XP_011926507,1D3F1,6088,Cercocebus_atys
XP_005396569,1D3F1,7305,Chinchilla_lanigera
XP_008003124,1D3F1,6438,Chlorocebus_sabaeus
XP_006865564,1D3F1,7060,Chrysochloris_asiatica
XP_011803952,1D3F1,6387,Colobus_angolensis
XP_004690748,1D3F1,5050,Condylura_cristata
XP_003510845,1D3F1,6260,Cricetulus_griseus
XP_004464719,1D3F1,12199,Dasypus_novemcinctus
XP_012869823,1D3F1,7856,Dipodomys_ordii
XP_004709747,1D3F1,8146,Echinops_telfairi
XP_006890485,1D3F1,7225,Elephantulus_edwardii
XP_008141154,1D3F1,5934,Eptesicus_fuscus
XP_014717940,1D3F1,7221,Equus_asinus
XP_001489303,1D3F1,7224,Equus_caballus
XP_008505436,1D3F1,7267,Equus_przewalskii
XP_007525342,1D3F1,7331,Erinaceus_europaeus
XP_011286166,1D3F1,8202,Felis_catus
XP_010602358,1D3F1,6686,Fukomys_damarensis
XP_008567588,1D3F1,8779,Galeopterus_variegatus
XP_004054044,1D3F1,5632,Gorilla_gorilla
XP_004843730,1D3F1,7140,Heterocephalus_glaber
NP_000919,1D3F1,5561,Homo_sapiens
XP_005336870,1D3F1,8135,Ictidomys_tridecemlineatus
XP_004673110,1D3F1,11355,Jaculus_jaculus
XP_006745370,1D3F1,7110,Leptonychotes_weddellii
XP_007448245,1D3F1,9411,Lipotes_vexillifer
XP_003419309,1D3F1,5698,Loxodonta_africana
XP_005572452,1D3F1,7289,Macaca_fascicularis
XP_001088684,1D3F1,6505,Macaca_mulatta
XP_011761843,1D3F1,10105,Macaca_nemestrina
XP_017937462,1D3F1,1671,Manacus_vitellinus
XP_011819812,1D3F1,5702,Mandrillus_leucophaeus
XP_017516717,1D3F1,4348,Manis_javanica
XP_015360654,1D3F1,9900,Marmota_marmota
XP_005079087,1D3F1,6236,Mesocricetus_auratus
XP_012612127,1D3F1,8092,Microcebus_murinus
XP_013204620,1D3F1,24986,Microtus_ochrogaster
XP_016057048,1D3F1,7813,Miniopterus_natalensis
XP_007490044,1D3F1,4866,Monodelphis_domestica
NP_035237,1D3F1,8341,Mus_musculus
XP_004753420,1D3F1,6809,Mustela_putorius
XP_014393197,1D3F1,6159,Myotis_brandtii
XP_006770406,1D3F1,12836,Myotis_davidii
XP_006096608,1D3F1,6526,Myotis_lucifugus
XP_008838991,1D3F1,10961,Nannospalax_galili
XP_003280330,1D3F1,5921,Nomascus_leucogenys
XP_004592139,1D3F1,3489,Ochotona_princeps
XP_004636308,1D3F1,8241,Octodon_degus
XP_004396727,1D3F1,6841,Odobenus_rosmarus
XP_004281473,1D3F1,8509,Orcinus_orca
XP_001510222,1D3F1,6948,Ornithorhynchus_anatinus
XP_007936483,1D3F1,2829,Orycteropus_afer
XP_002719839,1D3F1,5088,Oryctolagus_cuniculus
XP_012660656,1D3F1,5767,Otolemur_garnettii
XP_004017463,1D3F1,6050,Ovis_aries
XP_003832441,1D3F1,5551,Pan_paniscus
XP_001160305,1D3F1,5580,Pan_troglodytes
XP_015398122,1D3F1,7758,Panthera_tigris
XP_005962033,1D3F1,7241,Pantholops_hodgsonii
XP_003907296,1D3F1,5839,Papio_anubis
XP_006998218,1D3F1,29924,Peromyscus_maniculatus
XP_007130055,1D3F1,7997,Physeter_catodon
XP_002823895,1D3F1,5697,Pongo_abelii
XP_012505613,1D3F1,9813,Propithecus_coquereli
XP_006908773,1D3F1,5648,Pteropus_alecto
XP_011354376,1D3F1,5627,Pteropus_vampyrus
NP_113773,1D3F1,9613,Rattus_norvegicus
XP_017727620,1D3F1,6450,Rhinopithecus_bieti
XP_010366588,1D3F1,5768,Rhinopithecus_roxellana
XP_015982637,1D3F1,5699,Rousettus_aegyptiacus
XP_010341117,1D3F1,3300,Saimiri_boliviensis
XP_003761156,1D3F1,8269,Sarcophilus_harrisii
XP_004611133,1D3F1,7464,Sorex_araneus
NP_001004037,1D3F1,7739,Sus_scrofa
XP_004379075,1D3F1,6439,Trichechus_manatus
XP_006151598,1D3F1,12168,Tupaia_chinensis
XP_004330187,1D3F1,3298,Tursiops_truncatus
XP_008705901,1D3F1,6674,Ursus_maritimus
XP_006204868,1D3F1,6109,Vicugna_pacos
XP_014449126,1D3F1,4612,Alligator_mississippiensis
XP_014373187,1D3F1,20274,Alligator_sinensis
XP_003226051,1D3F1,1840,Anolis_carolinensis
XP_007908594,1D3F1,2917,Callorhinchus_milii
XP_007061639,1D3F1,6365,Chelonia_mydas
XP_005288773,1D3F1,5115,Chrysemys_picta
XP_015285069,1D3F1,15482,Gekko_japonicus
XP_014345137,1D3F1,11274,Latimeria_chalumnae
XP_018428583,1D3F1,10516,Nanorana_parkeri
XP_014432008,1D3F1,10246,Pelodiscus_sinensis
XP_015672951,1D3F1,2030,Protobothrops_mucrosquamatus
XP_007438344,1D3F1,6591,Python_bivittatus
XP_018082244,1D3F1,3471,Xenopus_laevis
XP_017946504,1D3F1,3220,Xenopus_tropicalis
